opportunity,cmcc_priority,group_requested,status,matched_group,suggestion,tier,n_variables,note
Baseline Climate Variables for Earth System Modelling,high,baseline_monthly,matched,baseline_monthly,,,83,
Baseline Climate Variables for Earth System Modelling,high,baseline_daily,matched,baseline_daily,,,24,
Baseline Climate Variables for Earth System Modelling,high,baseline_fixed,matched,baseline_fixed,,,14,
Baseline Climate Variables for Earth System Modelling,high,baseline_subdaily,matched,baseline_subdaily,,,10,
Atmospheric dynamics and variability,high,baseline_monthly,matched,baseline_monthly,,,83,
Atmospheric dynamics and variability,high,baseline_daily,matched,baseline_daily,,,24,
Atmospheric dynamics and variability,high,baseline_fixed,matched,baseline_fixed,,,14,
Atmospheric dynamics and variability,high,baseline_subdaily,matched,baseline_subdaily,,,10,
Atmospheric dynamics and variability,high,dynvar_basic,matched,dynvar_basic,,,60,
Detection and Attribution,high,DAMIP_monthly,matched,DAMIP_monthly,,,68,
Detection and Attribution,high,DAMIP_daily,matched,DAMIP_daily,,,23,
Detection and Attribution,high,ocean_grid,matched,ocean_grid,,,10,
Diagnosing temperature variability and extremes,high,DCPP_essential,matched,DCPP_Essential,,,66,
Diagnosing temperature variability and extremes,high,DCPP_wider,matched,DCPP_Wider,,,131,only daily and monthly
Diagnosing temperature variability and extremes,high,temperature_variability_daily_highpriority,matched,temperature_variability_daily_highpriority,,,16,some vars are in common with others
Benchmarking and Attributing Changes to Global Carbon and other Biogeochemical Cycles,high,land_carbon_cycle_tier1,matched,land_carbon_cycle_tier1,,tier1,27,
Benchmarking and Attributing Changes to Global Carbon and other Biogeochemical Cycles,high,land_carbon_cycle_tier2,matched,land_carbon_cycle_tier2,,tier2,40,
Benchmarking and Attributing Changes to Global Carbon and other Biogeochemical Cycles,high,land_nitrogen_cycle_tier1,matched,land_nitrogen_cycle_tier1,,tier1,20,
Benchmarking and Attributing Changes to Global Carbon and other Biogeochemical Cycles,high,land_nitrogen_cycle_tier2,matched,land_nitrogen_cycle_tier2,,tier2,13,
Benchmarking and Attributing Changes to Global Carbon and other Biogeochemical Cycles,high,land_benchmarking_and_landcover_variables_tier1,matched,land_benchmarking_and_landcover_variables_tier1,,tier1,30,
Benchmarking and Attributing Changes to Global Carbon and other Biogeochemical Cycles,high,land_benchmarking_and_landcover_variables_tier2,matched,land_benchmarking_and_landcover_variables_tier2,,tier2,19,
Benchmarking and Attributing Changes to Global Carbon and other Biogeochemical Cycles,high,ocean_carbon_cycle_tier1,matched,ocean_carbon_cycle_tier1,,tier1,19,
Benchmarking and Attributing Changes to Global Carbon and other Biogeochemical Cycles,high,atmosphere_carbon_cycle_tier1,matched,atmosphere_carbon_cycle_tier1,,tier1,6,
Benchmarking and Attributing Changes to Global Carbon and other Biogeochemical Cycles,high,ocean_carbon_cycle_tier2,matched,ocean_carbon_cycle_tier2,,tier2,29,
Benchmarking and Attributing Changes to Global Carbon and other Biogeochemical Cycles,high,land_ch4_fluxes,matched,land_ch4_fluxes,,,9,
Changes in marine biogeochemical cycles and ecosystem processes,high,marine_bgc_baseline,matched,marine_bgc_baseline,,,55,
Changes in marine biogeochemical cycles and ecosystem processes,high,marine_bgc_seaice,matched,marine_bgc_seaice,,,7,
Changes in marine biogeochemical cycles and ecosystem processes,high,marine_bgc_fishmip,matched,marine_bgc_fishmip,,,6,
Changes in marine biogeochemical cycles and ecosystem processes,high,marine_bgc_carbon_sink,matched,marine_bgc_carbon_sink,,,3,
Changes in marine biogeochemical cycles and ecosystem processes,high,marine_bgc_pp_uncertainty,matched,marine_bgc_pp_uncertainty,,,15,
Constructing a Global Carbon Budget,high,land_carbon_cycle_tier1,matched,land_carbon_cycle_tier1,,tier1,27,
Constructing a Global Carbon Budget,high,land_carbon_cycle_tier2,matched,land_carbon_cycle_tier2,,tier2,40,
Constructing a Global Carbon Budget,high,ocean_carbon_cycle_tier1,matched,ocean_carbon_cycle_tier1,,tier1,19,
Constructing a Global Carbon Budget,high,atmosphere_carbon_cycle_tier1,matched,atmosphere_carbon_cycle_tier1,,tier1,6,
Earth's Energy Budget,high,ocean_grid,matched,ocean_grid,,,10,
Earth's Energy Budget,high,seaice_budget_energy_monthly,matched,seaice_budget_energy_monthly,,,20,
Multi-annual-to-decadal predictability of the Earth System and risk assessment of climate extremes,high,DCPP_essential,matched,DCPP_Essential,,,66,
Multi-annual-to-decadal predictability of the Earth System and risk assessment of climate extremes,high,DCPP_wider,matched,DCPP_Wider,,,131,only daily and monthly
Robust Risk Assessment of Tipping Points,medium,baseline_monthly,matched,baseline_monthly,,,83,
Robust Risk Assessment of Tipping Points,medium,baseline_daily,matched,baseline_daily,,,24,
Robust Risk Assessment of Tipping Points,medium,baseline_fixed,matched,baseline_fixed,,,14,
Robust Risk Assessment of Tipping Points,medium,baseline_subdaily,matched,baseline_subdaily,,,10,
Role of fire in the Earth system,high,FireMIP_monthly,matched,FireMIP_monthly,,,114,
Role of fire in the Earth system,high,FireMIP_daily,matched,FireMIP_daily,,,4,
Water cycle/budget assessment,high,seaice_budget_freshwater_monthly,matched,seaice_budget_freshwater_monthly,,,6,
Water cycle/budget assessment,high,ocean_grid,matched,ocean_grid,,,10,
Water cycle/budget assessment,high,WaterResources_daily,matched,WaterResources_daily,,,7,
Water cycle/budget assessment,high,WaterResources_subdaily,matched,WaterResources_subdaily,,,4,
Agriculture and Food System Impacts,high,AgModelCoreDaily,matched,AgModelCoreDaily,,,4,
Agriculture and Food System Impacts,high,AgModelExpandedDaily,matched,AgModelExpandedDaily,,,10,
Agriculture and Food System Impacts,high,AgWaterCore,matched,AgWaterCore,,,5,
Agriculture and Food System Impacts,high,AgWaterExt,matched,AgWaterExt,,,12,
Bias-adjustment for impacts modeling and analysis,medium,ISIMIPMinimalAtmos,matched,ISIMIPMinimalAtmos,,,11,
Bias-adjustment for impacts modeling and analysis,medium,ISIMIP_deposition_variables,matched,ISIMIP_deposition_variables,,,6,
Bias-adjustment for impacts modeling and analysis,medium,CHELSA_land_daily,matched,CHELSA_land_daily,,,19,
Climate impacts on marine biodiversity and ecosystems,medium,biodiv_marine_daily,matched,biodiv_marine_daily,,,27,
Climate impacts on marine biodiversity and ecosystems,medium,ISIMIP_oceanforcing_3hr,matched,ISIMIP_oceanforcing_3hr,,,10,
Climate impacts on marine biodiversity and ecosystems,medium,marine_bgc_baseline,matched,marine_bgc_baseline,,,55,
Climate impacts on marine biodiversity and ecosystems,medium,marine_bgc_fishmip,matched,marine_bgc_fishmip,,,6,
Dynamical Downscaling (CORDEX),high,dynamical_downscaling_aerosols_chemistry,matched,dynamical_downscaling_aerosols_chemistry,,,18,
Dynamical Downscaling (CORDEX),high,dynamical_downscaling_core,matched,dynamical_downscaling_core,,,35,
Dynamical Downscaling (CORDEX),high,dynamical_downscaling_ocean_air_sea_biogeochemistry_forcing,matched,dynamical_downscaling_ocean_air_sea_biogeochemistry_forcing,,,7,
Dynamical Downscaling (CORDEX),high,dynamical_downscaling_ocean_air_sea_forcing,matched,dynamical_downscaling_ocean_air_sea_forcing,,,11,
Dynamical Downscaling (CORDEX),high,dynamical_downscaling_ocean_biogeochemistry_forcing,matched,dynamical_downscaling_ocean_biogeochemistry_forcing,,,26,
Dynamical Downscaling (CORDEX),high,dynamical_downscaling_ocean_core,matched,dynamical_downscaling_ocean_core,,,11,
Dynamical Downscaling (CORDEX),high,dynamical_downscaling_soil,matched,dynamical_downscaling_soil,,,2,
Energy System Impacts,medium,impact_energy_hydropower,matched,impact_energy_hydropower,,,4,
Energy System Impacts,medium,impact_energy_damaging_other,matched,impact_energy_damaging_other,,,2,
Energy System Impacts,medium,impacts_energy_damaging_wind,matched,impacts_energy_damaging_wind,,,2,
Energy System Impacts,medium,impact_energy_building_demand,matched,impact_energy_building_demand,,,2,
Energy System Impacts,medium,Impact_energy_river_temperature,matched,Impact_energy_river_temperature,,,6,
Health Impacts,medium,HealthHeatCoreDaily,matched,HealthHeatCoreDaily,,,3,
Health Impacts,medium,HealthPollutionDaily,matched,HealthPollutionDaily,,,8,
Health Impacts,medium,HealthFloodingDaily,matched,HealthFloodingDaily,,,8,
Health Impacts,medium,Heat_Indices,matched,Heat_Indices,,,4,
Impacts of climate change on aviation,medium,aviation_impacts_essential,matched,aviation_impacts_essential,,,3,
Impacts of climate change on transport infrastructure,medium,transport_impacts_essential,matched,transport_impacts_essential,,,8,
Terrestrial Biodiversity,high,biodiv_land_monthly,matched,biodiv_land_monthly,,,13,
Terrestrial Biodiversity,high,biodiv_land_daily,matched,biodiv_land_daily,,,21,
Terrestrial Biodiversity,high,biodiv_land_daily_advanced,matched,biodiv_land_daily_advanced,,,2,
Terrestrial Biodiversity,high,biodiv_microclim_hourly,matched,biodiv_microclim_hourly,,,9,
"Vulnerability of urban systems, infrastructure and populations",high,WaterResources_daily,matched,WaterResources_daily,,,7,
"Vulnerability of urban systems, infrastructure and populations",high,hydro_modelling_daily,matched,hydro_modelling_daily,,,2,
"Vulnerability of urban systems, infrastructure and populations",high,hydro_modelling_PET_daily,aliased,WaterResourcesPET_daily,,,6,
"Vulnerability of urban systems, infrastructure and populations",high,WaterResourcesPET_daily,matched,WaterResourcesPET_daily,,,6,
Water Security and Freshwater Ecosystem Services,high,AgModelCoreDaily,matched,AgModelCoreDaily,,,4,
Water Security and Freshwater Ecosystem Services,high,AgWaterCore,matched,AgWaterCore,,,5,
Water Security and Freshwater Ecosystem Services,high,AgModelExpandedDaily,matched,AgModelExpandedDaily,,,10,
Water Security and Freshwater Ecosystem Services,high,AgWaterExt,matched,AgWaterExt,,,12,
Accurate assessment of land-atmosphere coupling,medium,landatm_coupling_3hA,matched,landatm_coupling_3hA,,,10,
Accurate assessment of land-atmosphere coupling,medium,landatm_coupling_3hr_medium,matched,landatm_coupling_3hr_medium,,,14,
"Assessments for Hydrological Processes, Water Resources, and Freshwater Systems",high,hydrology,matched,hydrology,,,35,
"Assessments for Hydrological Processes, Water Resources, and Freshwater Systems",high,WaterResources_daily,matched,WaterResources_daily,,,7,
"Assessments for Hydrological Processes, Water Resources, and Freshwater Systems",high,WaterResources_subdaily,matched,WaterResources_subdaily,,,4,
"Assessments for Hydrological Processes, Water Resources, and Freshwater Systems",high,WaterResources_monthly,matched,WaterResources_monthly,,,6,
"Assessments for Hydrological Processes, Water Resources, and Freshwater Systems",high,hydro_modelling_daily,matched,hydro_modelling_daily,,,2,
"Assessments for Hydrological Processes, Water Resources, and Freshwater Systems",high,hydro_modelling_subdaily,matched,hydro_modelling_subdaily,,,2,
"Assessments for Hydrological Processes, Water Resources, and Freshwater Systems",high,snow_allfreq,matched,snow_allfreq,,,48,
Land use change,high,landuse,matched,landuse,,,27,
Plant Phenology,high,plant_phenology_high,matched,plant_phenology_high,,,3,
Plant Phenology,high,plant_phenology_medium,matched,plant_phenology_medium,,,3,
"Ocean changes, drivers and impacts",high,omip_geometry_physics,aliased,omip_scalars_high_priority,,,35,
"Ocean changes, drivers and impacts",high,omip_momentum_fluxes_high_priority,matched,omip_momentum_fluxes_high_priority,,,2,
"Ocean changes, drivers and impacts",high,ocean_meridional_overturning_streamfunctions,matched,ocean_meridional_overturning_streamfunctions,,,4,
"Ocean changes, drivers and impacts",high,int_ocean_budgets,matched,int_ocean_budgets,,,5,
"Ocean changes, drivers and impacts",high,ocean_mesoscale,matched,ocean_mesoscale,,,15,
"Ocean changes, drivers and impacts",high,omip_transports_high_priority,matched,omip_transports_high_priority,,,14,
"Ocean changes, drivers and impacts",high,seaice_state_monthly_basic,matched,seaice_state_monthly_basic,,,12,
Ocean Extremes,medium,Ocean_Temperature_Extremes,matched,ocean_temperature_extremes,,,4,We request Oday.thetao at different levels
Ocean Extremes,medium,not,ignored(note?),,,,0,"variable ""Oday.thetao200"" only at 200 meters. Only daily thetao at 200 meters depth is available  in the Ocean_Temperature_Extremes variable group"
"Sea ice changes, drivers and impacts",high,seaice_budget_area_monthly,matched,seaice_budget_area_monthly,,,5,
"Sea ice changes, drivers and impacts",high,seaice_budget_energy_monthly,matched,seaice_budget_energy_monthly,,,20,
"Sea ice changes, drivers and impacts",high,seaice_budget_mass_monthly,matched,seaice_budget_mass_monthly,,,20,
"Sea ice changes, drivers and impacts",high,seaice_dynamics_basic,matched,seaice_dynamics_basic,,,8,
"Sea ice changes, drivers and impacts",high,seaice_global_monthly_basic,matched,seaice_global_monthly_basic,,,8,
"Sea ice changes, drivers and impacts",high,seaice_state_daily_basic,matched,seaice_state_daily_basic,,,8,
"Sea ice changes, drivers and impacts",high,seaice_state_monthly_basic,matched,seaice_state_monthly_basic,,,12,
"Sea ice changes, drivers and impacts",high,seaice_budget_freshwater_monthly,matched,seaice_budget_freshwater_monthly,,,6,
