division,opportunity,cmcc_priority,n_true_gap,groups_with_true_gap,true_gap_variables
CLIVAP,Atmospheric dynamics and variability,high,23,"baseline_fixed, baseline_monthly, dynvar_basic","bigthetao, epfy, epfz, meanage, mrsofc, rluscs, rootd, snw, tauunoegw, tauunowgw, tauuogw, tauvnogw, tauvogw, tntmp, tntrl, tntrs, utendepfd, utendnogw, utendogw, utendvtem, utendwtem, vtem, wtem"
CLIVAP,Detection and Attribution,high,14,DAMIP_monthly,"abs550bc, abs550dust, abs550so4, aod550volso4, co2massClim, loadso4, msftmrho, msftmz, o3ste, od550dust, od550soa, rtmt, snw, tropo3ste"
CLIVAP,Diagnosing temperature variability and extremes,high,19,"DCPP_essential, DCPP_wider, temperature_variability_daily_highpriority","co2massClim, co2s, co3satarag200, co3sataragos, epfy, epfz, epsi100, evspsblpot, msftmrho, msftmz, msftmzmpa, sifllattop, tdps, utendepfd, vsf, vtem, wtem, zfullo, zossq"
CLIVAP,Dynamical Downscaling (CORDEX),high,49,"dynamical_downscaling_aerosols_chemistry, dynamical_downscaling_core, dynamical_downscaling_ocean_air_sea_biogeochemistry_forcing, dynamical_downscaling_ocean_biogeochemistry_forcing, dynamical_downscaling_ocean_core","bry, cfc113global, cfc114, cfc11global, ch4, chldiaz, chlpico, cly, co, co2, drydust, drynoy, ficeberg, fsfe, fsn, hcfc22, hcfc22global, hcl, hfc125, hfc134a, hno3, icfriver, mmrbc, mmrdust, mmrnh4, mmrno3, mmroa, mmrso4, mmrsoa, mmrss, n2o, noy, o3, ocfriver, od550bb, od550bc, od550dust, od550no3, od550oa, od550so4, od550ss, oh, phycalc, phydiaz, phypico, so2, wetdust, wetnoy, zmisc"
CLIVAP,Multi-annual-to-decadal predictability of the Earth System and risk assessment of climate extremes,high,18,"DCPP_essential, DCPP_wider","co2massClim, co2s, co3satarag200, co3sataragos, epfy, epfz, epsi100, msftmrho, msftmz, msftmzmpa, sifllattop, tdps, utendepfd, vsf, vtem, wtem, zfullo, zossq"
CLIVAP,Robust Risk Assessment of Tipping Points,medium,5,"baseline_fixed, baseline_monthly","bigthetao, mrsofc, rluscs, rootd, snw"
EIEE,Energy System Impacts,medium,4,"impact_energy_damaging_other, impact_energy_hydropower, impacts_energy_damaging_wind","flashrate, mrrob, wsgmax100m, wsgmax10m"
EIEE,Health Impacts,medium,10,"HealthFloodingDaily, HealthPollutionDaily, Heat_Indices","mrsofc, noaahi2m, noaahi2mmax, sfo3max, sfpm1, sfpm10, sfpm25, snw, wbgt2m, wbgt2mmax"
ESYDA,Accurate assessment of land-atmosphere coupling,medium,3,"landatm_coupling_3hA, landatm_coupling_3hr_medium","bldep, hfdsl, srfrad"
ESYDA,Baseline Climate Variables for Earth System Modelling,high,5,"baseline_fixed, baseline_monthly","bigthetao, mrsofc, rluscs, rootd, snw"
ESYDA,Benchmarking and Attributing Changes to Global Carbon and other Biogeochemical Cycles,high,93,"atmosphere_carbon_cycle_tier1, land_benchmarking_and_landcover_variables_tier1, land_benchmarking_and_landcover_variables_tier2, land_carbon_cycle_tier1, land_carbon_cycle_tier2, land_ch4_fluxes, land_nitrogen_cycle_tier1, land_nitrogen_cycle_tier2, ocean_carbon_cycle_tier2","albc, cGeologicStorage, cLeaf, cLitterCwd, cLitterSubSurf, cLitterSurf, cOther, cRoot, cSoilPools, cStem, ch4losssoil, chlcalc, chldiaz, chlpico, cnc, co23D, co2mass, cropFracC4, dmso, emiach4, emibbch4, emich4, emilkch4, epn100, epp100, fAnthDisturb, fCLandToOcean, fDeforestToAtmos, fFireAll, fFireNat, fHarvestToAtmos, fHarvestToGeologicStorage, fLitterFire, fNAnthDisturb, fNOx, fNVegLitter, fNVegSoil, fNfert, fNgas, fNgasFire, fNgasNonFire, fNloss, fVegFire, fVegLitterMortality, fVegLitterSenescence, fVegSoil, fVegSoilMortality, fVegSoilSenescence, fco2all, fco2antt, fco2fos, fco2nat, fgdms, fric, froc, graz, icfriver, intppcalc, intppdiaz, intppnitrate, intpppico, mrtws, nLeaf, nLitterCwd, nLitterSubSurf, nLitterSurf, nMineralNH4, nMineralNO3, nOther, nRoot, nStem, nppLeaf, nppOther, nppRoot, nppStem, pastureFrac, pastureFracC3, pastureFracC4, phycalc, phypico, prveg, raLeaf, raOther, raRoot, raStem, rhLitter, rhSoil, snw, wetlandCH4, wetlandCH4cons, wetlandCH4prod, wetlandFrac, zmisc"
ESYDA,Changes in marine biogeochemical cycles and ecosystem processes,high,34,"marine_bgc_baseline, marine_bgc_carbon_sink, marine_bgc_fishmip, marine_bgc_pp_uncertainty, marine_bgc_seaice","co2massClim, dmsos, fric, froc, graz, intppcalc, intppdiaz, intppnano, intpppico, limfecalc, limfediat, limfediaz, limfemisc, limfepico, limirrcalc, limirrdiat, limirrdiaz, limirrmisc, limirrpico, limncalc, limndiat, limndiaz, limnmisc, limnpico, msftmz, o2sat, phycalc, phypico, sialgc, sichl, sigpp, sino3, sisi, zmisc"
ESYDA,Climate impacts on marine biodiversity and ecosystems,medium,24,"ISIMIP_oceanforcing_3hr, biodiv_marine_daily, marine_bgc_baseline, marine_bgc_fishmip","co2massClim, dmsos, expcob, ficeberg, flandice, fric, froc, graz, hfrunoffds, intpoc, intppcalc, intppdiaz, intppnano, intpppico, msftmz, o2min, phycalc, phydiazos, phynano, phypico, rsdo, uos, vos, zmisc"
ESYDA,Constructing a Global Carbon Budget,high,39,"atmosphere_carbon_cycle_tier1, land_carbon_cycle_tier1, land_carbon_cycle_tier2","cGeologicStorage, cLeaf, cLitterCwd, cLitterSubSurf, cLitterSurf, cOther, cRoot, cSoilPools, cStem, co23D, co2mass, fAnthDisturb, fCLandToOcean, fDeforestToAtmos, fFireAll, fFireNat, fHarvestToAtmos, fHarvestToGeologicStorage, fLitterFire, fVegFire, fVegLitterMortality, fVegLitterSenescence, fVegSoil, fVegSoilMortality, fVegSoilSenescence, fco2all, fco2antt, fco2fos, fco2nat, nppLeaf, nppOther, nppRoot, nppStem, raLeaf, raOther, raRoot, raStem, rhLitter, rhSoil"
ESYDA,Earth's Energy Budget,high,3,seaice_budget_energy_monthly,"sifllattop, siflsensbot, siflswdbot"
ESYDA,Ocean Extremes,medium,1,Ocean_Temperature_Extremes,bigthetao200
ESYDA,"Ocean changes, drivers and impacts",high,24,"int_ocean_budgets, ocean_meridional_overturning_streamfunctions, ocean_mesoscale, omip_scalars_high_priority, omip_transports_high_priority, seaice_state_monthly_basic","absscint, bigthetao, bigthetaoga, chcint, hfbasinpsmadv, hfx, hfxint, hfy, hfyint, msftmrho, msftmz, msftyrho, pfscint, phcint, pso, scint, sfx, sfxint, sfy, sfyint, siconca, sltbasin, uos, vos"
ESYDA,Role of fire in the Earth system,high,37,"FireMIP_daily, FireMIP_monthly","cLeaf, cRoot, cStem, ccn, cdnc, cldnvi, cltc, co2Clim, conccn, emibbbc, emibbch4, emibbco, emibbdms, emibboa, emibbso2, emibbvoc, fNVegSoil, fNgas, fNgasFire, fNloss, fco2nat, loadbc, loadoa, loadpoa, lwp, mmrpm2p5, od550bb, od550bc, od550oa, od550soa, pflw, prra, reffsclwtop, rtmt, sootsn, tntrs, tpf"
ESYDA,"Sea ice changes, drivers and impacts",high,14,"seaice_budget_area_monthly, seaice_budget_energy_monthly, seaice_budget_mass_monthly, seaice_global_monthly_basic, seaice_state_daily_basic, seaice_state_monthly_basic","siarean, siareas, siconca, sidconcdyn, sidmassgrowthsi, sidmassmeltlat, siextentn, siextents, sifllattop, siflsensbot, siflswdbot, sisndmassdyn, sisndmasssi, sisndmasswind"
ESYDA,Terrestrial Biodiversity,high,3,"biodiv_land_daily, biodiv_land_daily_advanced, biodiv_land_monthly","co2mass, evspsblpot, flashrate"
"ESYDA, ICR","Assessments for Hydrological Processes, Water Resources, and Freshwater Systems",high,34,"WaterResources_daily, WaterResources_monthly, hydro_modelling_daily, hydro_modelling_subdaily, hydrology, snow_allfreq","agesno, depthl, dgw, drivw, dsn, dsw, esn, evspsblpot, hfdsnb, lwsnl, mrrob, mrsofc, mrtws, pflw, prrsn, prsnc, prsnsn, qgwr, rivo, sftlaf, sidmassgrowthsi, siitdsnconc, siitdsnthick, sisndmassdyn, sisndmasssi, sisndmasswind, snmsl, snrefr, snw, snwc, sootsn, sw, tpf, wtd"
"ESYDA, ICR",Land use change,high,4,landuse,"fracInLut, fracOutLut, irrLut, nbpLut"
"ESYDA, ICR",Plant Phenology,high,5,"plant_phenology_high, plant_phenology_medium","gppVgt, laiVgt, nppVgt, raVgt, rhVgt"
"ESYDA, ICR",Water cycle/budget assessment,high,2,WaterResources_daily,"evspsblpot, mrrob"
ICR,Agriculture and Food System Impacts,high,7,"AgWaterCore, AgWaterExt","evspsblpot, irrDem, irrGw, irrLut, irrSurf, mrsofc, rzwc"
ICR,Bias-adjustment for impacts modeling and analysis,medium,6,ISIMIP_deposition_variables,"drynh3, drynh4, drynoy, wetnh3, wetnh4, wetnoy"
ICR,"Vulnerability of urban systems, infrastructure and populations",high,2,"WaterResources_daily, hydro_modelling_daily","evspsblpot, mrrob"
ICR,Water Security and Freshwater Ecosystem Services,high,7,"AgWaterCore, AgWaterExt","evspsblpot, irrDem, irrGw, irrLut, irrSurf, mrsofc, rzwc"
