compound_name,realm,frequency,map_category,GB_per_year,GB_per_year_counted
ocean.ficeberg.tavg-ol-hxy-sea.3hr.glb,ocean,3hr,true_gap,85.4672,85.4672
ocean.hfrunoffds.tavg-ol-hxy-sea.3hr.glb,ocean,3hr,true_gap,85.4672,85.4672
atmos.hus.tpt-al-hxy-u.6hr.glb,atmos,6hr,mapped,15.3312,15.3312
atmos.ta.tpt-al-hxy-u.6hr.glb,atmos,6hr,mapped,15.3312,15.3312
atmos.ua.tpt-al-hxy-u.6hr.glb,atmos,6hr,mapped,15.3312,15.3312
atmos.va.tpt-al-hxy-u.6hr.glb,atmos,6hr,mapped,15.3312,15.3312
atmos.zg.tpt-al-hxy-u.6hr.glb,atmos,6hr,mapped,15.3312,15.3312
ocean.rsdo.tavg-ol-hxy-sea.day.glb,ocean,day,true_gap,10.6834,10.6834
ocean.so.tavg-ol-hxy-sea.day.glb,ocean,day,mapped,10.6834,10.6834
ocean.wo.tavg-ol-hxy-sea.day.glb,ocean,day,mapped,10.6834,10.6834
ocnBgchem.phycalc.tavg-ol-hxy-sea.day.glb,ocnBgchem,day,true_gap,10.6834,10.6834
ocnBgchem.phypico.tavg-ol-hxy-sea.day.glb,ocnBgchem,day,true_gap,10.6834,10.6834
ocnBgchem.zmeso.tavg-ol-hxy-sea.day.glb,ocnBgchem,day,mapped,10.6834,10.6834
ocnBgchem.zmicro.tavg-ol-hxy-sea.day.glb,ocnBgchem,day,mapped,10.6834,10.6834
ocnBgchem.zooc.tavg-ol-hxy-sea.day.glb,ocnBgchem,day,mapped,10.6834,10.6834
atmos.cl.tavg-al-hxy-u.day.glb,atmos,day,mapped,3.8328,3.8328
atmos.pfull.tavg-al-hxy-u.day.glb,atmos,day,mapped,3.8328,3.8328
atmos.hus.tpt-p6-hxy-air.3hr.glb,atmos,3hr,derivable,3.1720,0.0000
atmos.ta.tpt-p6-hxy-air.3hr.glb,atmos,3hr,derivable,3.1720,0.0000
atmos.ua.tpt-p6-hxy-air.3hr.glb,atmos,3hr,derivable,3.1720,0.0000
atmos.va.tpt-p6-hxy-air.3hr.glb,atmos,3hr,derivable,3.1720,0.0000
atmos.wap.tpt-p6-hxy-air.3hr.glb,atmos,3hr,derivable,3.1720,0.0000
atmos.clt.tavg-u-hxy-u.1hr.30S-90S,atmos,1hr,mapped,1.5860,1.5860
atmos.hurs.tavg-h2m-hxy-u.1hr.30S-90S,atmos,1hr,derivable,1.5860,0.0000
atmos.huss.tpt-h2m-hxy-u.1hr.glb,atmos,1hr,mapped,1.5860,1.5860
atmos.pr.tavg-u-hxy-u.1hr.glb,atmos,1hr,mapped,1.5860,1.5860
atmos.pr.tavg-u-hxy-u.1hr.30S-90S,atmos,1hr,derivable,1.5860,0.0000
atmos.ps.tpt-u-hxy-u.1hr.30S-90S,atmos,1hr,derivable,1.5860,0.0000
atmos.psl.tpt-u-hxy-u.1hr.glb,atmos,1hr,mapped,1.5860,1.5860
atmos.rlds.tavg-u-hxy-u.1hr.glb,atmos,1hr,mapped,1.5860,1.5860
atmos.rlds.tavg-u-hxy-u.1hr.30S-90S,atmos,1hr,derivable,1.5860,0.0000
atmos.rsds.tavg-u-hxy-u.1hr.glb,atmos,1hr,mapped,1.5860,1.5860
atmos.rsds.tavg-u-hxy-u.1hr.30S-90S,atmos,1hr,derivable,1.5860,0.0000
atmos.sfcWind.tavg-h10m-hxy-u.1hr.30S-90S,atmos,1hr,derivable,1.5860,0.0000
atmos.tas.tavg-h2m-hxy-u.1hr.glb,atmos,1hr,mapped,1.5860,1.5860
atmos.tas.tavg-h2m-hxy-u.1hr.30S-90S,atmos,1hr,derivable,1.5860,0.0000
atmos.uas.tpt-h10m-hxy-u.1hr.glb,atmos,1hr,mapped,1.5860,1.5860
atmos.vas.tpt-h10m-hxy-u.1hr.glb,atmos,1hr,mapped,1.5860,1.5860
atmos.ta.tpt-p5u-hxy-u.6hr.glb,atmos,6hr,derivable,1.3217,0.0000
atmos.ua.tpt-p5u-hxy-air.6hr.glb,atmos,6hr,derivable,1.3217,0.0000
atmos.va.tpt-p5u-hxy-air.6hr.glb,atmos,6hr,derivable,1.3217,0.0000
land.mrsfl.tavg-sl-hxy-lnd.day.glb,land,day,mapped,1.3217,1.3217
land.mrsll.tavg-sl-hxy-lnd.day.glb,land,day,mapped,1.3217,1.3217
land.mrsol.tavg-sl-hxy-lnd.day.glb,land,day,mapped,1.3217,1.3217
land.tsl.tavg-sl-hxy-lnd.day.glb,land,day,mapped,1.3217,1.3217
atmos.hur.tavg-p19-hxy-u.day.glb,atmos,day,mapped,1.2556,1.2556
atmos.hus.tavg-p19-hxy-u.day.glb,atmos,day,mapped,1.2556,1.2556
atmos.ta.tavg-p19-hxy-air.day.glb,atmos,day,mapped,1.2556,1.2556
atmos.ua.tavg-p19-hxy-air.day.glb,atmos,day,mapped,1.2556,1.2556
atmos.va.tavg-p19-hxy-air.day.glb,atmos,day,mapped,1.2556,1.2556
atmos.wap.tavg-p19-hxy-u.day.glb,atmos,day,mapped,1.2556,1.2556
atmos.zg.tavg-p19-hxy-air.day.glb,atmos,day,mapped,1.2556,1.2556
ocean.flandice.tavg-u-hxy-sea.3hr.glb,ocean,3hr,true_gap,1.1396,1.1396
ocean.friver.tavg-u-hxy-sea.3hr.glb,ocean,3hr,mapped,1.1396,1.1396
ocean.hfds.tavg-u-hxy-sea.3hr.glb,ocean,3hr,mapped,1.1396,1.1396
ocean.rsntds.tavg-u-hxy-sea.3hr.glb,ocean,3hr,mapped,1.1396,1.1396
ocean.sfdsi.tavg-u-hxy-sea.3hr.glb,ocean,3hr,mapped,1.1396,1.1396
ocean.tauuo.tavg-u-hxy-sea.3hr.glb,ocean,3hr,mapped,1.1396,1.1396
ocean.tauvo.tavg-u-hxy-sea.3hr.glb,ocean,3hr,mapped,1.1396,1.1396
ocean.tos.tpt-u-hxy-sea.3hr.glb,ocean,3hr,mapped,1.1396,1.1396
ocean.wfo.tavg-u-hxy-sea.3hr.glb,ocean,3hr,mapped,1.1396,1.1396
atmos.ta.tpt-p3-hxy-air.6hr.glb,atmos,6hr,mapped,0.7930,0.7930
atmos.ua.tpt-p3-hxy-air.6hr.glb,atmos,6hr,mapped,0.7930,0.7930
atmos.va.tpt-p3-hxy-air.6hr.glb,atmos,6hr,mapped,0.7930,0.7930
seaIce.siitdsnconc.tavg-u-hxy-si.day.glb,seaIce,day,true_gap,0.7122,0.7122
seaIce.siitdsnthick.tavg-u-hxy-si.day.glb,seaIce,day,true_gap,0.7122,0.7122
atmos.bldep.tpt-u-hxy-u.3hr.glb,atmos,3hr,true_gap,0.5287,0.5287
atmos.hfls.tavg-u-hxy-u.3hr.glb,atmos,3hr,mapped,0.5287,0.5287
atmos.hfss.tavg-u-hxy-u.3hr.glb,atmos,3hr,mapped,0.5287,0.5287
atmos.hurs.tpt-h2m-hxy-u.3hr.glb,atmos,3hr,mapped,0.5287,0.5287
atmos.huss.tpt-h2m-hxy-u.3hr.glb,atmos,3hr,mapped,0.5287,0.5287
atmos.pr.tavg-u-hxy-u.3hr.glb,atmos,3hr,mapped,0.5287,0.5287
atmos.prsn.tavg-u-hxy-u.3hr.glb,atmos,3hr,mapped,0.5287,0.5287
atmos.ps.tpt-u-hxy-u.3hr.glb,atmos,3hr,mapped,0.5287,0.5287
atmos.rlds.tavg-u-hxy-u.3hr.glb,atmos,3hr,mapped,0.5287,0.5287
atmos.rlus.tavg-u-hxy-u.3hr.glb,atmos,3hr,mapped,0.5287,0.5287
atmos.rsds.tavg-u-hxy-u.3hr.glb,atmos,3hr,mapped,0.5287,0.5287
atmos.rsus.tavg-u-hxy-u.3hr.glb,atmos,3hr,mapped,0.5287,0.5287
atmos.tas.tpt-h2m-hxy-u.3hr.glb,atmos,3hr,mapped,0.5287,0.5287
atmos.ts.tpt-u-hxy-u.3hr.glb,atmos,3hr,mapped,0.5287,0.5287
atmos.uas.tpt-h10m-hxy-u.3hr.glb,atmos,3hr,mapped,0.5287,0.5287
atmos.vas.tpt-h10m-hxy-u.3hr.glb,atmos,3hr,mapped,0.5287,0.5287
land.evspsblsoi.tavg-u-hxy-u.3hr.glb,land,3hr,mapped,0.5287,0.5287
land.evspsblveg.tavg-u-hxy-u.3hr.glb,land,3hr,mapped,0.5287,0.5287
land.hfdsl.tavg-u-hxy-lnd.3hr.glb,land,3hr,true_gap,0.5287,0.5287
land.mrro.tavg-u-hxy-lnd.3hr.glb,land,3hr,mapped,0.5287,0.5287
land.mrros.tavg-u-hxy-lnd.3hr.glb,land,3hr,mapped,0.5287,0.5287
land.mrsol.tavg-d100cm-hxy-lnd.3hr.glb,land,3hr,derivable,0.5287,0.0000
land.mrsol.tpt-d10cm-hxy-lnd.3hr.glb,land,3hr,mapped,0.5287,0.5287
land.srfrad.tavg-u-hxy-u.3hr.glb,land,3hr,true_gap,0.5287,0.5287
land.tran.tavg-u-hxy-u.3hr.glb,land,3hr,mapped,0.5287,0.5287
land.tslsi.tpt-u-hxy-lsi.3hr.glb,land,3hr,mapped,0.5287,0.5287
land.gppVgt.tavg-u-hxy-multi.day.glb,land,day,true_gap,0.4626,0.4626
land.laiVgt.tavg-u-hxy-multi.day.glb,land,day,true_gap,0.4626,0.4626
land.nppVgt.tavg-u-hxy-multi.day.glb,land,day,true_gap,0.4626,0.4626
land.raVgt.tavg-u-hxy-multi.day.glb,land,day,true_gap,0.4626,0.4626
land.rhVgt.tavg-u-hxy-multi.day.glb,land,day,true_gap,0.4626,0.4626
ocean.agessc.tavg-ol-hxy-sea.mon.glb,ocean,mon,mapped,0.3512,0.3512
ocean.bigthetao.tavg-ol-hxy-sea.mon.glb,ocean,mon,true_gap,0.3512,0.3512
ocean.ficeberg.tavg-ol-hxy-sea.mon.glb,ocean,mon,true_gap,0.3512,0.3512
ocean.hfx.tavg-ol-hxy-sea.mon.glb,ocean,mon,true_gap,0.3512,0.3512
ocean.hfy.tavg-ol-hxy-sea.mon.glb,ocean,mon,true_gap,0.3512,0.3512
ocean.masscello.tavg-ol-hxy-sea.mon.glb,ocean,mon,mapped,0.3512,0.3512
ocean.obvfsq.tavg-ol-hxy-sea.mon.glb,ocean,mon,mapped,0.3512,0.3512
ocean.sf6.tavg-ol-hxy-sea.mon.glb,ocean,mon,mapped,0.3512,0.3512
ocean.sfx.tavg-ol-hxy-sea.mon.glb,ocean,mon,true_gap,0.3512,0.3512
ocean.sfy.tavg-ol-hxy-sea.mon.glb,ocean,mon,true_gap,0.3512,0.3512
ocean.so.tavg-ol-hxy-sea.mon.glb,ocean,mon,mapped,0.3512,0.3512
ocean.thetao.tavg-ol-hxy-sea.mon.glb,ocean,mon,mapped,0.3512,0.3512
ocean.thkcello.tavg-ol-hxy-sea.mon.glb,ocean,mon,mapped,0.3512,0.3512
ocean.umo.tavg-ol-hxy-sea.mon.glb,ocean,mon,mapped,0.3512,0.3512
ocean.uo.tavg-ol-hxy-sea.mon.glb,ocean,mon,mapped,0.3512,0.3512
ocean.vmo.tavg-ol-hxy-sea.mon.glb,ocean,mon,mapped,0.3512,0.3512
ocean.vo.tavg-ol-hxy-sea.mon.glb,ocean,mon,mapped,0.3512,0.3512
ocean.volcello.tavg-ol-hxy-sea.mon.glb,ocean,mon,mapped,0.3512,0.3512
ocean.wmo.tavg-ol-hxy-sea.mon.glb,ocean,mon,mapped,0.3512,0.3512
ocean.wo.tavg-ol-hxy-sea.mon.glb,ocean,mon,mapped,0.3512,0.3512
ocnBgchem.chl.tavg-ol-hxy-sea.mon.glb,ocnBgchem,mon,mapped,0.3512,0.3512
ocnBgchem.chlcalc.tavg-ol-hxy-sea.mon.glb,ocnBgchem,mon,true_gap,0.3512,0.3512
ocnBgchem.chldiat.tavg-ol-hxy-sea.mon.glb,ocnBgchem,mon,mapped,0.3512,0.3512
ocnBgchem.chldiaz.tavg-ol-hxy-sea.mon.glb,ocnBgchem,mon,true_gap,0.3512,0.3512
ocnBgchem.chlmisc.tavg-ol-hxy-sea.mon.glb,ocnBgchem,mon,mapped,0.3512,0.3512
ocnBgchem.chlpico.tavg-ol-hxy-sea.mon.glb,ocnBgchem,mon,true_gap,0.3512,0.3512
ocnBgchem.detoc.tavg-ol-hxy-sea.mon.glb,ocnBgchem,mon,mapped,0.3512,0.3512
ocnBgchem.dfe.tavg-ol-hxy-sea.mon.glb,ocnBgchem,mon,mapped,0.3512,0.3512
ocnBgchem.dissic.tavg-ol-hxy-sea.mon.glb,ocnBgchem,mon,mapped,0.3512,0.3512
ocnBgchem.dissoc.tavg-ol-hxy-sea.mon.glb,ocnBgchem,mon,mapped,0.3512,0.3512
ocnBgchem.dmso.tavg-ol-hxy-sea.mon.glb,ocnBgchem,mon,true_gap,0.3512,0.3512
ocnBgchem.expc.tavg-ol-hxy-sea.mon.glb,ocnBgchem,mon,mapped,0.3512,0.3512
ocnBgchem.expcalc.tavg-ol-hxy-sea.mon.glb,ocnBgchem,mon,mapped,0.3512,0.3512
ocnBgchem.graz.tavg-ol-hxy-sea.mon.glb,ocnBgchem,mon,true_gap,0.3512,0.3512
ocnBgchem.nh4.tavg-ol-hxy-sea.mon.glb,ocnBgchem,mon,mapped,0.3512,0.3512
ocnBgchem.no3.tavg-ol-hxy-sea.mon.glb,ocnBgchem,mon,mapped,0.3512,0.3512
ocnBgchem.o2.tavg-ol-hxy-sea.mon.glb,ocnBgchem,mon,mapped,0.3512,0.3512
ocnBgchem.o2sat.tavg-ol-hxy-sea.mon.glb,ocnBgchem,mon,true_gap,0.3512,0.3512
ocnBgchem.ph.tavg-ol-hxy-sea.mon.glb,ocnBgchem,mon,mapped,0.3512,0.3512
ocnBgchem.phyc.tavg-ol-hxy-sea.mon.glb,ocnBgchem,mon,mapped,0.3512,0.3512
ocnBgchem.phycalc.tavg-ol-hxy-sea.mon.glb,ocnBgchem,mon,true_gap,0.3512,0.3512
ocnBgchem.phydiat.tavg-ol-hxy-sea.mon.glb,ocnBgchem,mon,mapped,0.3512,0.3512
ocnBgchem.phydiaz.tavg-ol-hxy-sea.mon.glb,ocnBgchem,mon,true_gap,0.3512,0.3512
ocnBgchem.phymisc.tavg-ol-hxy-sea.mon.glb,ocnBgchem,mon,mapped,0.3512,0.3512
ocnBgchem.phypico.tavg-ol-hxy-sea.mon.glb,ocnBgchem,mon,true_gap,0.3512,0.3512
ocnBgchem.po4.tavg-ol-hxy-sea.mon.glb,ocnBgchem,mon,mapped,0.3512,0.3512
ocnBgchem.si.tavg-ol-hxy-sea.mon.glb,ocnBgchem,mon,mapped,0.3512,0.3512
ocnBgchem.talk.tavg-ol-hxy-sea.mon.glb,ocnBgchem,mon,mapped,0.3512,0.3512
ocnBgchem.zmeso.tavg-ol-hxy-sea.mon.glb,ocnBgchem,mon,mapped,0.3512,0.3512
ocnBgchem.zmicro.tavg-ol-hxy-sea.mon.glb,ocnBgchem,mon,mapped,0.3512,0.3512
ocnBgchem.zmisc.tavg-ol-hxy-sea.mon.glb,ocnBgchem,mon,true_gap,0.3512,0.3512
ocnBgchem.zooc.tavg-ol-hxy-sea.mon.glb,ocnBgchem,mon,mapped,0.3512,0.3512
atmos.hurs.tavg-h2m-hxy-u.6hr.glb,atmos,6hr,mapped,0.2643,0.2643
atmos.pr.tavg-u-hxy-u.6hr.glb,atmos,6hr,mapped,0.2643,0.2643
atmos.pr.tmax-u-hxy-u.6hr.glb,atmos,6hr,derivable,0.2643,0.0000
atmos.prsn.tavg-u-hxy-u.6hr.glb,atmos,6hr,mapped,0.2643,0.2643
atmos.ps.tpt-u-hxy-u.6hr.glb,atmos,6hr,mapped,0.2643,0.2643
atmos.psl.tavg-u-hxy-u.6hr.glb,atmos,6hr,mapped,0.2643,0.2643
atmos.psl.tpt-u-hxy-u.6hr.glb,atmos,6hr,mapped,0.2643,0.2643
atmos.rv850.tavg-850hPa-hxy-air.6hr.glb,atmos,6hr,mapped,0.2643,0.2643
atmos.sfcWind.tavg-h10m-hxy-u.6hr.glb,atmos,6hr,mapped,0.2643,0.2643
atmos.tas.tavg-h2m-hxy-u.6hr.glb,atmos,6hr,mapped,0.2643,0.2643
atmos.ts.tpt-u-hxy-u.6hr.glb,atmos,6hr,mapped,0.2643,0.2643
atmos.uas.tavg-h10m-hxy-u.6hr.glb,atmos,6hr,mapped,0.2643,0.2643
atmos.vas.tavg-h10m-hxy-u.6hr.glb,atmos,6hr,mapped,0.2643,0.2643
atmos.zg.tavg-1000hPa-hxy-air.6hr.glb,atmos,6hr,derivable,0.2643,0.0000
ocean.bigthetao.tavg-op20bar-hxy-sea.day.glb,ocean,day,true_gap,0.1424,0.1424
ocean.hfx.tavg-u-hxy-sea.day.glb,ocean,day,true_gap,0.1424,0.1424
ocean.hfy.tavg-u-hxy-sea.day.glb,ocean,day,true_gap,0.1424,0.1424
ocean.mlotst.tavg-u-hxy-sea.day.glb,ocean,day,mapped,0.1424,0.1424
ocean.sos.tavg-u-hxy-sea.day.glb,ocean,day,mapped,0.1424,0.1424
ocean.t20d.tavg-u-hxy-sea.day.glb,ocean,day,mapped,0.1424,0.1424
ocean.thetao.tavg-op20bar-hxy-sea.day.glb,ocean,day,derivable,0.1424,0.0000
ocean.tos.tavg-u-hxy-sea.day.glb,ocean,day,mapped,0.1424,0.1424
ocean.tossq.tavg-u-hxy-sea.day.glb,ocean,day,mapped,0.1424,0.1424
ocean.uos.tavg-u-hxy-sea.day.glb,ocean,day,true_gap,0.1424,0.1424
ocean.vos.tavg-u-hxy-sea.day.glb,ocean,day,true_gap,0.1424,0.1424
ocean.zos.tavg-u-hxy-sea.day.glb,ocean,day,mapped,0.1424,0.1424
ocnBgchem.chl.tavg-ols-hxy-sea.day.glb,ocnBgchem,day,mapped,0.1424,0.1424
ocnBgchem.co3.tavg-op20bar-hxy-sea.day.glb,ocnBgchem,day,derivable,0.1424,0.0000
ocnBgchem.co3.tavg-ols-hxy-sea.day.glb,ocnBgchem,day,derivable,0.1424,0.0000
ocnBgchem.co3satarag.tavg-op20bar-hxy-sea.day.glb,ocnBgchem,day,true_gap,0.1424,0.1424
ocnBgchem.co3satarag.tavg-ols-hxy-sea.day.glb,ocnBgchem,day,true_gap,0.1424,0.1424
ocnBgchem.expcob.tavg-u-hxy-sea.day.glb,ocnBgchem,day,true_gap,0.1424,0.1424
ocnBgchem.intpoc.tavg-u-hxy-sea.day.glb,ocnBgchem,day,true_gap,0.1424,0.1424
ocnBgchem.intpp.tavg-u-hxy-sea.day.glb,ocnBgchem,day,mapped,0.1424,0.1424
ocnBgchem.o2.tavg-op20bar-hxy-sea.day.glb,ocnBgchem,day,derivable,0.1424,0.0000
ocnBgchem.o2min.tavg-u-hxy-sea.day.glb,ocnBgchem,day,true_gap,0.1424,0.1424
ocnBgchem.o2.tavg-ols-hxy-sea.day.glb,ocnBgchem,day,mapped,0.1424,0.1424
ocnBgchem.ph.tavg-op20bar-hxy-sea.day.glb,ocnBgchem,day,derivable,0.1424,0.0000
ocnBgchem.ph.tavg-ols-hxy-sea.day.glb,ocnBgchem,day,mapped,0.1424,0.1424
ocnBgchem.phyc.tavg-op20bar-hxy-sea.day.glb,ocnBgchem,day,derivable,0.1424,0.0000
ocnBgchem.phyc.tavg-ols-hxy-sea.day.glb,ocnBgchem,day,derivable,0.1424,0.0000
ocnBgchem.phydiat.tavg-ols-hxy-sea.day.glb,ocnBgchem,day,derivable,0.1424,0.0000
ocnBgchem.phydiaz.tavg-ols-hxy-sea.day.glb,ocnBgchem,day,true_gap,0.1424,0.1424
ocnBgchem.phymisc.tavg-ols-hxy-sea.day.glb,ocnBgchem,day,derivable,0.1424,0.0000
ocnBgchem.phynano.tavg-u-hxy-sea.day.glb,ocnBgchem,day,true_gap,0.1424,0.1424
seaIce.siconc.tavg-u-hxy-u.day.glb,seaIce,day,mapped,0.1424,0.1424
seaIce.siconca.tavg-u-hxy-u.day.glb,seaIce,day,true_gap,0.1424,0.1424
seaIce.sisnhc.tavg-u-hxy-si.day.glb,seaIce,day,mapped,0.1424,0.1424
seaIce.snd.tavg-u-hxy-sn.day.glb,seaIce,day,mapped,0.1424,0.1424
seaIce.sispeed.tavg-u-hxy-si.day.glb,seaIce,day,mapped,0.1424,0.1424
seaIce.sitempsnic.tavg-u-hxy-si.day.glb,seaIce,day,mapped,0.1424,0.1424
seaIce.ts.tavg-u-hxy-si.day.glb,seaIce,day,mapped,0.1424,0.1424
seaIce.sithick.tavg-u-hxy-si.day.glb,seaIce,day,mapped,0.1424,0.1424
seaIce.sitimefrac.tavg-u-hxy-sea.day.glb,seaIce,day,mapped,0.1424,0.1424
seaIce.siu.tavg-u-hxy-si.day.glb,seaIce,day,mapped,0.1424,0.1424
seaIce.siv.tavg-u-hxy-si.day.glb,seaIce,day,mapped,0.1424,0.1424
aerosol.cdnc.tavg-al-hxy-u.mon.glb,aerosol,mon,true_gap,0.1260,0.1260
aerosol.cfc114.tavg-al-hxy-u.mon.glb,aerosol,mon,true_gap,0.1260,0.1260
aerosol.co.tavg-al-hxy-u.mon.glb,aerosol,mon,true_gap,0.1260,0.1260
aerosol.conccn.tavg-al-hxy-u.mon.glb,aerosol,mon,true_gap,0.1260,0.1260
aerosol.hcfc22.tavg-al-hxy-u.mon.glb,aerosol,mon,true_gap,0.1260,0.1260
aerosol.hcl.tavg-al-hxy-u.mon.glb,aerosol,mon,true_gap,0.1260,0.1260
aerosol.hfc125.tavg-al-hxy-u.mon.glb,aerosol,mon,true_gap,0.1260,0.1260
aerosol.hfc134a.tavg-al-hxy-u.mon.glb,aerosol,mon,true_gap,0.1260,0.1260
aerosol.hno3.tavg-al-hxy-u.mon.glb,aerosol,mon,true_gap,0.1260,0.1260
aerosol.mmrbc.tavg-al-hxy-u.mon.glb,aerosol,mon,true_gap,0.1260,0.1260
aerosol.mmrdust.tavg-al-hxy-u.mon.glb,aerosol,mon,true_gap,0.1260,0.1260
aerosol.mmrnh4.tavg-al-hxy-u.mon.glb,aerosol,mon,true_gap,0.1260,0.1260
aerosol.mmrno3.tavg-al-hxy-u.mon.glb,aerosol,mon,true_gap,0.1260,0.1260
aerosol.mmroa.tavg-al-hxy-u.mon.glb,aerosol,mon,true_gap,0.1260,0.1260
aerosol.mmrpm2p5.tavg-al-hxy-u.mon.glb,aerosol,mon,true_gap,0.1260,0.1260
aerosol.mmrso4.tavg-al-hxy-u.mon.glb,aerosol,mon,true_gap,0.1260,0.1260
aerosol.mmrsoa.tavg-al-hxy-u.mon.glb,aerosol,mon,true_gap,0.1260,0.1260
aerosol.mmrss.tavg-al-hxy-u.mon.glb,aerosol,mon,true_gap,0.1260,0.1260
aerosol.oh.tavg-al-hxy-u.mon.glb,aerosol,mon,true_gap,0.1260,0.1260
aerosol.so2.tavg-al-hxy-u.mon.glb,aerosol,mon,true_gap,0.1260,0.1260
atmos.cl.tavg-al-hxy-u.mon.glb,atmos,mon,mapped,0.1260,0.1260
atmos.cli.tavg-al-hxy-u.mon.glb,atmos,mon,mapped,0.1260,0.1260
atmos.clw.tavg-al-hxy-u.mon.glb,atmos,mon,mapped,0.1260,0.1260
atmos.co2.tavg-al-hxy-u.mon.glb,atmos,mon,true_gap,0.1260,0.1260
atmos.co23D.tavg-al-hxy-u.mon.glb,atmos,mon,true_gap,0.1260,0.1260
atmos.tntrs.tavg-al-hxy-u.mon.glb,atmos,mon,true_gap,0.1260,0.1260
atmosChem.ch4.tavg-al-hxy-u.mon.glb,atmosChem,mon,true_gap,0.1260,0.1260
atmosChem.n2o.tavg-al-hxy-u.mon.glb,atmosChem,mon,true_gap,0.1260,0.1260
atmosChem.o3.tavg-al-hxy-u.mon.glb,atmosChem,mon,true_gap,0.1260,0.1260
atmosChem.o3ste.tavg-al-hxy-u.mon.glb,atmosChem,mon,true_gap,0.1260,0.1260
atmosChem.tropo3ste.tavg-al-hxy-u.mon.glb,atmosChem,mon,true_gap,0.1260,0.1260
aerosol.o3.tmax-h2m-hxy-u.day.glb,aerosol,day,true_gap,0.0661,0.0661
aerosol.sfpm1.tavg-h2m-hxy-u.day.glb,aerosol,day,true_gap,0.0661,0.0661
aerosol.sfpm10.tavg-h2m-hxy-u.day.glb,aerosol,day,true_gap,0.0661,0.0661
aerosol.sfpm25.tavg-h2m-hxy-u.day.glb,aerosol,day,true_gap,0.0661,0.0661
atmos.cldnvi.tavg-u-hxy-u.day.glb,atmos,day,true_gap,0.0661,0.0661
atmos.clt.tavg-u-hxy-u.day.glb,atmos,day,mapped,0.0661,0.0661
atmos.clt.tavg-u-hxy-lnd.day.glb,atmos,day,mapped,0.0661,0.0661
atmos.evspsbl.tavg-u-hxy-lnd.day.glb,atmos,day,mapped,0.0661,0.0661
atmos.hfdsnb.tavg-u-hxy-lnd.day.glb,atmos,day,true_gap,0.0661,0.0661
atmos.hfls.tavg-u-hxy-u.day.glb,atmos,day,mapped,0.0661,0.0661
atmos.hfss.tavg-u-hxy-u.day.glb,atmos,day,mapped,0.0661,0.0661
atmos.hurs.tavg-h2m-hxy-u.day.glb,atmos,day,mapped,0.0661,0.0661
atmos.hurs.tmax-h2m-hxy-u.day.glb,atmos,day,mapped,0.0661,0.0661
atmos.hurs.tmin-h2m-hxy-u.day.glb,atmos,day,mapped,0.0661,0.0661
atmos.huss.tavg-h2m-hxy-u.day.glb,atmos,day,mapped,0.0661,0.0661
atmos.loadbc.tavg-u-hxy-u.day.glb,atmos,day,true_gap,0.0661,0.0661
atmos.loadoa.tavg-u-hxy-u.day.glb,atmos,day,true_gap,0.0661,0.0661
atmos.loadpoa.tavg-u-hxy-u.day.glb,atmos,day,true_gap,0.0661,0.0661
atmos.noaahi2m.tavg-h2m-hxy-u.day.glb,atmos,day,true_gap,0.0661,0.0661
atmos.noaahi2m.tmax-h2m-hxy-u.day.glb,atmos,day,true_gap,0.0661,0.0661
atmos.pr.tavg-u-hxy-u.day.glb,atmos,day,mapped,0.0661,0.0661
atmos.prc.tavg-u-hxy-u.day.glb,atmos,day,mapped,0.0661,0.0661
atmos.pr.tmax-u-hxy-u.day.glb,atmos,day,derivable,0.0661,0.0000
atmos.prrsn.tavg-u-hxy-lnd.day.glb,atmos,day,true_gap,0.0661,0.0661
atmos.prsn.tavg-u-hxy-u.day.glb,atmos,day,mapped,0.0661,0.0661
atmos.prsnc.tavg-u-hxy-lnd.day.glb,atmos,day,true_gap,0.0661,0.0661
atmos.prsnsn.tavg-u-hxy-lnd.day.glb,atmos,day,true_gap,0.0661,0.0661
atmos.prw.tavg-u-hxy-u.day.glb,atmos,day,mapped,0.0661,0.0661
atmos.ps.tavg-u-hxy-u.day.glb,atmos,day,mapped,0.0661,0.0661
atmos.psl.tavg-u-hxy-u.day.glb,atmos,day,mapped,0.0661,0.0661
atmos.rlds.tavg-u-hxy-u.day.glb,atmos,day,mapped,0.0661,0.0661
atmos.rls.tavg-u-hxy-u.day.glb,atmos,day,mapped,0.0661,0.0661
atmos.rlus.tavg-u-hxy-u.day.glb,atmos,day,mapped,0.0661,0.0661
atmos.rlut.tavg-u-hxy-u.day.glb,atmos,day,mapped,0.0661,0.0661
atmos.rsds.tavg-u-hxy-u.day.glb,atmos,day,mapped,0.0661,0.0661
atmos.rsdt.tavg-u-hxy-u.day.glb,atmos,day,mapped,0.0661,0.0661
atmos.rss.tavg-u-hxy-u.day.glb,atmos,day,mapped,0.0661,0.0661
atmos.rsus.tavg-u-hxy-u.day.glb,atmos,day,mapped,0.0661,0.0661
atmos.rsut.tavg-u-hxy-u.day.glb,atmos,day,mapped,0.0661,0.0661
atmos.sfcWind.tavg-h10m-hxy-u.day.glb,atmos,day,mapped,0.0661,0.0661
atmos.sfcWind.tmax-h10m-hxy-u.day.glb,atmos,day,mapped,0.0661,0.0661
atmos.snmsl.tavg-u-hxy-lnd.day.glb,atmos,day,true_gap,0.0661,0.0661
atmos.snrefr.tavg-u-hxy-lnd.day.glb,atmos,day,true_gap,0.0661,0.0661
atmos.snwc.tavg-u-hxy-lnd.day.glb,atmos,day,true_gap,0.0661,0.0661
atmos.ta.tavg-850hPa-hxy-air.day.glb,atmos,day,mapped,0.0661,0.0661
atmos.tas.tavg-h2m-hxy-u.day.glb,atmos,day,mapped,0.0661,0.0661
atmos.tas.tmax-h2m-hxy-u.day.glb,atmos,day,mapped,0.0661,0.0661
atmos.tas.tmin-h2m-hxy-u.day.glb,atmos,day,mapped,0.0661,0.0661
atmos.tauu.tavg-u-hxy-u.day.glb,atmos,day,mapped,0.0661,0.0661
atmos.tauv.tavg-u-hxy-u.day.glb,atmos,day,mapped,0.0661,0.0661
atmos.tdps.tavg-h2m-hxy-u.day.glb,atmos,day,true_gap,0.0661,0.0661
atmos.ts.tavg-u-hxy-u.day.glb,atmos,day,mapped,0.0661,0.0661
atmos.ts.tavg-u-hxy-lnd.day.glb,atmos,day,derivable,0.0661,0.0000
atmos.uas.tavg-h10m-hxy-u.day.glb,atmos,day,mapped,0.0661,0.0661
atmos.vas.tavg-h10m-hxy-u.day.glb,atmos,day,mapped,0.0661,0.0661
atmos.wbgt.tavg-h2m-hxy-u.day.glb,atmos,day,true_gap,0.0661,0.0661
atmos.wbgt.tmax-h2m-hxy-u.day.glb,atmos,day,true_gap,0.0661,0.0661
atmos.zg.tavg-500hPa-hxy-air.day.glb,atmos,day,mapped,0.0661,0.0661
atmosChem.drynh3.tavg-u-hxy-u.day.glb,atmosChem,day,true_gap,0.0661,0.0661
atmosChem.drynh4.tavg-u-hxy-u.day.glb,atmosChem,day,true_gap,0.0661,0.0661
atmosChem.drynoy.tavg-u-hxy-u.day.glb,atmosChem,day,true_gap,0.0661,0.0661
atmosChem.flashrate.tavg-u-hxy-u.day.glb,atmosChem,day,true_gap,0.0661,0.0661
atmosChem.wetnh3.tavg-u-hxy-u.day.glb,atmosChem,day,true_gap,0.0661,0.0661
atmosChem.wetnh4.tavg-u-hxy-u.day.glb,atmosChem,day,true_gap,0.0661,0.0661
atmosChem.wetnoy.tavg-u-hxy-u.day.glb,atmosChem,day,true_gap,0.0661,0.0661
land.dgw.tavg-u-hxy-lnd.day.glb,land,day,true_gap,0.0661,0.0661
land.drivw.tavg-u-hxy-lnd.day.glb,land,day,true_gap,0.0661,0.0661
land.dsn.tavg-u-hxy-lnd.day.glb,land,day,true_gap,0.0661,0.0661
land.dsw.tavg-u-hxy-lnd.day.glb,land,day,true_gap,0.0661,0.0661
land.esn.tavg-u-hxy-lnd.day.glb,land,day,true_gap,0.0661,0.0661
land.evspsblpot.tavg-u-hxy-lnd.day.glb,land,day,true_gap,0.0661,0.0661
land.evspsblsoi.tavg-u-hxy-u.day.glb,land,day,mapped,0.0661,0.0661
land.evspsblveg.tavg-u-hxy-u.day.glb,land,day,mapped,0.0661,0.0661
land.irrDem.tavg-u-hxy-u.day.glb,land,day,true_gap,0.0661,0.0661
land.irrGw.tavg-u-hxy-u.day.glb,land,day,true_gap,0.0661,0.0661
land.irrLut.tavg-u-hxy-u.day.glb,land,day,true_gap,0.0661,0.0661
land.irrSurf.tavg-u-hxy-u.day.glb,land,day,true_gap,0.0661,0.0661
land.mrro.tavg-u-hxy-lnd.day.glb,land,day,mapped,0.0661,0.0661
land.mrrob.tavg-u-hxy-lnd.day.glb,land,day,true_gap,0.0661,0.0661
land.mrros.tavg-u-hxy-lnd.day.glb,land,day,mapped,0.0661,0.0661
land.mrso.tavg-u-hxy-lnd.day.glb,land,day,mapped,0.0661,0.0661
land.mrsol.tavg-d10cm-hxy-lnd.day.glb,land,day,mapped,0.0661,0.0661
land.mrtws.tavg-u-hxy-lnd.day.glb,land,day,true_gap,0.0661,0.0661
land.qgwr.tavg-u-hxy-lnd.day.glb,land,day,true_gap,0.0661,0.0661
land.rivo.tavg-u-hxy-lnd.day.glb,land,day,true_gap,0.0661,0.0661
land.rzwc.tavg-u-hxy-lnd.day.glb,land,day,true_gap,0.0661,0.0661
land.sw.tavg-u-hxy-lnd.day.glb,land,day,true_gap,0.0661,0.0661
land.wtd.tavg-u-hxy-lnd.day.glb,land,day,true_gap,0.0661,0.0661
landIce.hfdsn.tavg-u-hxy-lnd.day.glb,landIce,day,mapped,0.0661,0.0661
landIce.lwsnl.tavg-u-hxy-lnd.day.glb,landIce,day,true_gap,0.0661,0.0661
landIce.pflw.tavg-u-hxy-lnd.day.glb,landIce,day,true_gap,0.0661,0.0661
landIce.sbl.tavg-u-hxy-u.day.glb,landIce,day,mapped,0.0661,0.0661
landIce.snc.tavg-u-hxy-lnd.day.glb,landIce,day,mapped,0.0661,0.0661
landIce.snd.tavg-u-hxy-lnd.day.glb,landIce,day,mapped,0.0661,0.0661
landIce.snm.tavg-u-hxy-lnd.day.glb,landIce,day,mapped,0.0661,0.0661
landIce.snw.tavg-u-hxy-lnd.day.glb,landIce,day,true_gap,0.0661,0.0661
landIce.tpf.tavg-u-hxy-lnd.day.glb,landIce,day,true_gap,0.0661,0.0661
landIce.tsn.tavg-u-hxy-lnd.day.glb,landIce,day,mapped,0.0661,0.0661
land.cSoil.tavg-sl-hxy-lnd.mon.glb,land,mon,derivable,0.0435,0.0000
land.mrsfl.tavg-sl-hxy-lnd.mon.glb,land,mon,mapped,0.0435,0.0435
land.mrsll.tavg-sl-hxy-lnd.mon.glb,land,mon,mapped,0.0435,0.0435
land.mrsol.tavg-sl-hxy-lnd.mon.glb,land,mon,mapped,0.0435,0.0435
land.tsl.tavg-sl-hxy-lnd.mon.glb,land,mon,mapped,0.0435,0.0435
atmos.co2.tclm-p19-hxy-air.mon.glb,atmos,mon,true_gap,0.0413,0.0413
atmos.hur.tavg-p19-hxy-air.mon.glb,atmos,mon,mapped,0.0413,0.0413
atmos.hus.tavg-p19-hxy-u.mon.glb,atmos,mon,mapped,0.0413,0.0413
atmos.ta.tavg-p19-hxy-air.mon.glb,atmos,mon,mapped,0.0413,0.0413
atmos.ua.tavg-p19-hxy-air.mon.glb,atmos,mon,mapped,0.0413,0.0413
atmos.va.tavg-p19-hxy-air.mon.glb,atmos,mon,mapped,0.0413,0.0413
atmos.wap.tavg-p19-hxy-air.mon.glb,atmos,mon,mapped,0.0413,0.0413
atmos.zg.tavg-p19-hxy-air.mon.glb,atmos,mon,mapped,0.0413,0.0413
ocean.masscello.ti-ol-hxy-sea.fx.glb,ocean,fx,mapped,0.0293,0.0293
ocean.thkcello.ti-ol-hxy-sea.fx.glb,ocean,fx,mapped,0.0293,0.0293
ocean.volcello.ti-ol-hxy-sea.fx.glb,ocean,fx,mapped,0.0293,0.0293
ocean.volcello.tavg-ol-hxy-sea.yr.glb,ocean,yr,mapped,0.0293,0.0293
ocean.zfullo.tavg-ol-hxy-sea.yr.glb,ocean,yr,true_gap,0.0293,0.0293
seaIce.siitdsnthick.tavg-u-hxy-si.mon.glb,seaIce,mon,true_gap,0.0234,0.0234
ocean.absscint.tavg-op4-hxy-sea.mon.glb,ocean,mon,true_gap,0.0187,0.0187
ocean.chcint.tavg-op4-hxy-sea.mon.glb,ocean,mon,true_gap,0.0187,0.0187
ocean.pfscint.tavg-op4-hxy-sea.mon.glb,ocean,mon,true_gap,0.0187,0.0187
ocean.phcint.tavg-op4-hxy-sea.mon.glb,ocean,mon,true_gap,0.0187,0.0187
ocean.scint.tavg-op4-hxy-sea.mon.glb,ocean,mon,true_gap,0.0187,0.0187
land.landCoverFrac.tavg-u-hxy-u.mon.glb,land,mon,mapped,0.0152,0.0152
land.cSoilPools.tavg-u-hxy-lnd.mon.glb,land,mon,true_gap,0.0109,0.0109
land.fLulccAtmLut.tavg-u-hxy-multi.mon.glb,land,mon,mapped,0.0087,0.0087
land.fracLut.tpt-u-hxy-u.mon.glb,land,mon,mapped,0.0087,0.0087
land.gppLut.tavg-u-hxy-multi.mon.glb,land,mon,mapped,0.0087,0.0087
land.hflsLut.tavg-u-hxy-multi.mon.glb,land,mon,mapped,0.0087,0.0087
land.hfssLut.tavg-u-hxy-multi.mon.glb,land,mon,mapped,0.0087,0.0087
land.irrLut.tavg-u-hxy-multi.mon.glb,land,mon,true_gap,0.0087,0.0087
land.laiLut.tavg-u-hxy-multi.mon.glb,land,mon,mapped,0.0087,0.0087
land.mrsolLut.tavg-d10cm-hxy-multi.mon.glb,land,mon,mapped,0.0087,0.0087
land.nbpLut.tavg-u-hxy-multi.mon.glb,land,mon,true_gap,0.0087,0.0087
land.nppLut.tavg-u-hxy-multi.mon.glb,land,mon,mapped,0.0087,0.0087
land.raLut.tavg-u-hxy-multi.mon.glb,land,mon,mapped,0.0087,0.0087
land.rhLut.tavg-u-hxy-multi.mon.glb,land,mon,mapped,0.0087,0.0087
land.sweLut.tavg-u-hxy-multi.mon.glb,land,mon,mapped,0.0087,0.0087
land.tasLut.tavg-h2m-hxy-multi.mon.glb,land,mon,mapped,0.0087,0.0087
land.tsLut.tavg-u-hxy-multi.mon.glb,land,mon,mapped,0.0087,0.0087
ocean.friver.tavg-u-hxy-sea.mon.glb,ocean,mon,mapped,0.0047,0.0047
ocean.hfds.tavg-u-hxy-sea.mon.glb,ocean,mon,mapped,0.0047,0.0047
ocean.mlotst.tavg-u-hxy-sea.mon.glb,ocean,mon,mapped,0.0047,0.0047
ocean.mlotst.tmax-u-hxy-sea.mon.glb,ocean,mon,mapped,0.0047,0.0047
ocean.mlotst.tmin-u-hxy-sea.mon.glb,ocean,mon,mapped,0.0047,0.0047
ocean.msftbarot.tavg-u-hxy-sea.mon.glb,ocean,mon,mapped,0.0047,0.0047
ocean.pbo.tavg-u-hxy-sea.mon.glb,ocean,mon,mapped,0.0047,0.0047
ocean.pso.tavg-u-hxy-sea.mon.glb,ocean,mon,true_gap,0.0047,0.0047
ocean.sfx.tavg-u-hxy-sea.mon.glb,ocean,mon,true_gap,0.0047,0.0047
ocean.sfy.tavg-u-hxy-sea.mon.glb,ocean,mon,true_gap,0.0047,0.0047
ocean.sob.tavg-u-hxy-sea.mon.glb,ocean,mon,mapped,0.0047,0.0047
ocean.sos.tavg-u-hxy-sea.mon.glb,ocean,mon,mapped,0.0047,0.0047
ocean.t20d.tavg-u-hxy-sea.mon.glb,ocean,mon,mapped,0.0047,0.0047
ocean.tauuo.tavg-u-hxy-sea.mon.glb,ocean,mon,mapped,0.0047,0.0047
ocean.tauvo.tavg-u-hxy-sea.mon.glb,ocean,mon,mapped,0.0047,0.0047
ocean.thetaot.tavg-u-hxy-sea.mon.glb,ocean,mon,mapped,0.0047,0.0047
ocean.thetao.tavg-d2000m-hxy-sea.mon.glb,ocean,mon,mapped,0.0047,0.0047
ocean.thetao.tavg-d300m-hxy-sea.mon.glb,ocean,mon,mapped,0.0047,0.0047
ocean.thetao.tavg-d700m-hxy-sea.mon.glb,ocean,mon,mapped,0.0047,0.0047
ocean.tob.tavg-u-hxy-sea.mon.glb,ocean,mon,mapped,0.0047,0.0047
ocean.tos.tavg-u-hxy-sea.mon.glb,ocean,mon,mapped,0.0047,0.0047
ocean.vsf.tavg-u-hxy-sea.mon.glb,ocean,mon,true_gap,0.0047,0.0047
ocean.wfo.tavg-u-hxy-sea.mon.glb,ocean,mon,mapped,0.0047,0.0047
ocean.zos.tavg-u-hxy-sea.mon.glb,ocean,mon,mapped,0.0047,0.0047
ocean.zossq.tavg-u-hxy-sea.mon.glb,ocean,mon,true_gap,0.0047,0.0047
ocnBgchem.chl.tavg-ols-hxy-sea.mon.glb,ocnBgchem,mon,mapped,0.0047,0.0047
ocnBgchem.dfe.tavg-ols-hxy-sea.mon.glb,ocnBgchem,mon,derivable,0.0047,0.0000
ocnBgchem.dmso.tavg-ols-hxy-sea.mon.glb,ocnBgchem,mon,true_gap,0.0047,0.0047
ocnBgchem.dpco2.tavg-u-hxy-sea.mon.glb,ocnBgchem,mon,mapped,0.0047,0.0047
ocnBgchem.dpo2.tavg-u-hxy-sea.mon.glb,ocnBgchem,mon,mapped,0.0047,0.0047
ocnBgchem.expc.tavg-d100m-hxy-sea.mon.glb,ocnBgchem,mon,mapped,0.0047,0.0047
ocnBgchem.expc.tavg-d1000m-hxy-sea.mon.glb,ocnBgchem,mon,derivable,0.0047,0.0000
ocnBgchem.expcalc.tavg-d100m-hxy-sea.mon.glb,ocnBgchem,mon,mapped,0.0047,0.0047
ocnBgchem.expcalc.tavg-d1000m-hxy-sea.mon.glb,ocnBgchem,mon,derivable,0.0047,0.0000
ocnBgchem.epn.tavg-d100m-hxy-sea.mon.glb,ocnBgchem,mon,true_gap,0.0047,0.0047
ocnBgchem.epp.tavg-d100m-hxy-sea.mon.glb,ocnBgchem,mon,true_gap,0.0047,0.0047
ocnBgchem.epsi.tavg-d100m-hxy-sea.mon.glb,ocnBgchem,mon,true_gap,0.0047,0.0047
ocnBgchem.fgco2.tavg-u-hxy-sea.mon.glb,ocnBgchem,mon,mapped,0.0047,0.0047
ocnBgchem.fgdms.tavg-u-hxy-sea.mon.glb,ocnBgchem,mon,true_gap,0.0047,0.0047
ocnBgchem.fric.tavg-u-hxy-sea.mon.glb,ocnBgchem,mon,true_gap,0.0047,0.0047
ocnBgchem.froc.tavg-u-hxy-sea.mon.glb,ocnBgchem,mon,true_gap,0.0047,0.0047
ocnBgchem.fsfe.tavg-u-hxy-sea.mon.glb,ocnBgchem,mon,true_gap,0.0047,0.0047
ocnBgchem.fsn.tavg-u-hxy-sea.mon.glb,ocnBgchem,mon,true_gap,0.0047,0.0047
ocnBgchem.icfriver.tavg-u-hxy-sea.mon.glb,ocnBgchem,mon,true_gap,0.0047,0.0047
ocnBgchem.intpp.tavg-u-hxy-sea.mon.glb,ocnBgchem,mon,mapped,0.0047,0.0047
ocnBgchem.intppcalc.tavg-u-hxy-sea.mon.glb,ocnBgchem,mon,true_gap,0.0047,0.0047
ocnBgchem.intppdiat.tavg-u-hxy-sea.mon.glb,ocnBgchem,mon,mapped,0.0047,0.0047
ocnBgchem.intppdiaz.tavg-u-hxy-sea.mon.glb,ocnBgchem,mon,true_gap,0.0047,0.0047
ocnBgchem.intppmisc.tavg-u-hxy-sea.mon.glb,ocnBgchem,mon,mapped,0.0047,0.0047
ocnBgchem.intppnano.tavg-u-hxy-sea.mon.glb,ocnBgchem,mon,true_gap,0.0047,0.0047
ocnBgchem.intppnitrate.tavg-u-hxy-sea.mon.glb,ocnBgchem,mon,true_gap,0.0047,0.0047
ocnBgchem.intpppico.tavg-u-hxy-sea.mon.glb,ocnBgchem,mon,true_gap,0.0047,0.0047
ocnBgchem.limfecalc.tavg-u-hxy-sea.mon.glb,ocnBgchem,mon,true_gap,0.0047,0.0047
ocnBgchem.limfediat.tavg-u-hxy-sea.mon.glb,ocnBgchem,mon,true_gap,0.0047,0.0047
ocnBgchem.limfediaz.tavg-u-hxy-sea.mon.glb,ocnBgchem,mon,true_gap,0.0047,0.0047
ocnBgchem.limfemisc.tavg-u-hxy-sea.mon.glb,ocnBgchem,mon,true_gap,0.0047,0.0047
ocnBgchem.limfepico.tavg-u-hxy-sea.mon.glb,ocnBgchem,mon,true_gap,0.0047,0.0047
ocnBgchem.limirrcalc.tavg-u-hxy-sea.mon.glb,ocnBgchem,mon,true_gap,0.0047,0.0047
ocnBgchem.limirrdiat.tavg-u-hxy-sea.mon.glb,ocnBgchem,mon,true_gap,0.0047,0.0047
ocnBgchem.limirrdiaz.tavg-u-hxy-sea.mon.glb,ocnBgchem,mon,true_gap,0.0047,0.0047
ocnBgchem.limirrmisc.tavg-u-hxy-sea.mon.glb,ocnBgchem,mon,true_gap,0.0047,0.0047
ocnBgchem.limirrpico.tavg-u-hxy-sea.mon.glb,ocnBgchem,mon,true_gap,0.0047,0.0047
ocnBgchem.limncalc.tavg-u-hxy-sea.mon.glb,ocnBgchem,mon,true_gap,0.0047,0.0047
ocnBgchem.limndiat.tavg-u-hxy-sea.mon.glb,ocnBgchem,mon,true_gap,0.0047,0.0047
ocnBgchem.limndiaz.tavg-u-hxy-sea.mon.glb,ocnBgchem,mon,true_gap,0.0047,0.0047
ocnBgchem.limnmisc.tavg-u-hxy-sea.mon.glb,ocnBgchem,mon,true_gap,0.0047,0.0047
ocnBgchem.limnpico.tavg-u-hxy-sea.mon.glb,ocnBgchem,mon,true_gap,0.0047,0.0047
ocnBgchem.no3.tavg-ols-hxy-sea.mon.glb,ocnBgchem,mon,mapped,0.0047,0.0047
ocnBgchem.o2.tavg-ols-hxy-sea.mon.glb,ocnBgchem,mon,mapped,0.0047,0.0047
ocnBgchem.ocfriver.tavg-u-hxy-sea.mon.glb,ocnBgchem,mon,true_gap,0.0047,0.0047
ocnBgchem.phyc.tavg-ols-hxy-sea.mon.glb,ocnBgchem,mon,derivable,0.0047,0.0000
ocnBgchem.pp.tavg-ols-hxy-sea.mon.glb,ocnBgchem,mon,derivable,0.0047,0.0000
ocnBgchem.sialgc.tavg-u-hxy-si.mon.glb,ocnBgchem,mon,true_gap,0.0047,0.0047
ocnBgchem.sichl.tavg-u-hxy-si.mon.glb,ocnBgchem,mon,true_gap,0.0047,0.0047
ocnBgchem.sigpp.tavg-u-hxy-si.mon.glb,ocnBgchem,mon,true_gap,0.0047,0.0047
ocnBgchem.sino3.tavg-u-hxy-si.mon.glb,ocnBgchem,mon,true_gap,0.0047,0.0047
ocnBgchem.si.tavg-ols-hxy-sea.mon.glb,ocnBgchem,mon,derivable,0.0047,0.0000
ocnBgchem.sisi.tavg-u-hxy-si.mon.glb,ocnBgchem,mon,true_gap,0.0047,0.0047
ocnBgchem.spco2.tavg-u-hxy-sea.mon.glb,ocnBgchem,mon,mapped,0.0047,0.0047
seaIce.siconc.tavg-u-hxy-u.mon.glb,seaIce,mon,mapped,0.0047,0.0047
seaIce.siconca.tavg-u-hxy-u.mon.glb,seaIce,mon,true_gap,0.0047,0.0047
seaIce.sidconcdyn.tavg-u-hxy-sea.mon.glb,seaIce,mon,true_gap,0.0047,0.0047
seaIce.sidconcth.tavg-u-hxy-sea.mon.glb,seaIce,mon,mapped,0.0047,0.0047
seaIce.sidmassdyn.tavg-u-hxy-si.mon.glb,seaIce,mon,mapped,0.0047,0.0047
seaIce.evspsbl.tavg-u-hxy-si.mon.glb,seaIce,mon,mapped,0.0047,0.0047
seaIce.sidmassgrowthbot.tavg-u-hxy-si.mon.glb,seaIce,mon,mapped,0.0047,0.0047
seaIce.sidmassgrowthsi.tavg-u-hxy-si.mon.glb,seaIce,mon,true_gap,0.0047,0.0047
seaIce.sidmassgrowthwat.tavg-u-hxy-si.mon.glb,seaIce,mon,mapped,0.0047,0.0047
seaIce.sidmassmeltbot.tavg-u-hxy-si.mon.glb,seaIce,mon,mapped,0.0047,0.0047
seaIce.sidmassmeltlat.tavg-u-hxy-si.mon.glb,seaIce,mon,true_gap,0.0047,0.0047
seaIce.sidmassmelttop.tavg-u-hxy-si.mon.glb,seaIce,mon,mapped,0.0047,0.0047
seaIce.sidmassth.tavg-u-hxy-si.mon.glb,seaIce,mon,mapped,0.0047,0.0047
seaIce.siflcondbot.tavg-u-hxy-si.mon.glb,seaIce,mon,mapped,0.0047,0.0047
seaIce.siflcondtop.tavg-u-hxy-si.mon.glb,seaIce,mon,mapped,0.0047,0.0047
seaIce.siflfwbot.tavg-u-hxy-si.mon.glb,seaIce,mon,mapped,0.0047,0.0047
seaIce.siflfwdrain.tavg-u-hxy-si.mon.glb,seaIce,mon,mapped,0.0047,0.0047
seaIce.sifllattop.tavg-u-hxy-si.mon.glb,seaIce,mon,true_gap,0.0047,0.0047
seaIce.rlds.tavg-u-hxy-si.mon.glb,seaIce,mon,mapped,0.0047,0.0047
seaIce.rlus.tavg-u-hxy-si.mon.glb,seaIce,mon,mapped,0.0047,0.0047
seaIce.sfdsi.tavg-u-hxy-si.mon.glb,seaIce,mon,derivable,0.0047,0.0000
seaIce.siflsensbot.tavg-u-hxy-si.mon.glb,seaIce,mon,true_gap,0.0047,0.0047
seaIce.siflsenstop.tavg-u-hxy-si.mon.glb,seaIce,mon,mapped,0.0047,0.0047
seaIce.siflswdbot.tavg-u-hxy-si.mon.glb,seaIce,mon,true_gap,0.0047,0.0047
seaIce.rsds.tavg-u-hxy-si.mon.glb,seaIce,mon,mapped,0.0047,0.0047
seaIce.rsus.tavg-u-hxy-si.mon.glb,seaIce,mon,mapped,0.0047,0.0047
seaIce.sihc.tavg-u-hxy-sea.mon.glb,seaIce,mon,mapped,0.0047,0.0047
seaIce.simass.tavg-u-hxy-si.mon.glb,seaIce,mon,mapped,0.0047,0.0047
seaIce.prra.tavg-u-hxy-si.mon.glb,seaIce,mon,mapped,0.0047,0.0047
seaIce.snc.tavg-u-hxy-si.mon.glb,seaIce,mon,mapped,0.0047,0.0047
seaIce.sisndmassdyn.tavg-u-hxy-si.mon.glb,seaIce,mon,true_gap,0.0047,0.0047
seaIce.snm.tavg-u-hxy-si.mon.glb,seaIce,mon,derivable,0.0047,0.0000
seaIce.sisndmasssi.tavg-u-hxy-si.mon.glb,seaIce,mon,true_gap,0.0047,0.0047
seaIce.prsn.tavg-u-hxy-si.mon.glb,seaIce,mon,derivable,0.0047,0.0000
seaIce.sbl.tavg-u-hxy-si.mon.glb,seaIce,mon,derivable,0.0047,0.0000
seaIce.sisndmasswind.tavg-u-hxy-si.mon.glb,seaIce,mon,true_gap,0.0047,0.0047
seaIce.sisnhc.tavg-u-hxy-si.mon.glb,seaIce,mon,mapped,0.0047,0.0047
seaIce.snw.tavg-u-hxy-si.mon.glb,seaIce,mon,mapped,0.0047,0.0047
seaIce.snd.tavg-u-hxy-sn.mon.glb,seaIce,mon,mapped,0.0047,0.0047
seaIce.sispeed.tavg-u-hxy-si.mon.glb,seaIce,mon,mapped,0.0047,0.0047
seaIce.sistrxdtop.tavg-u-hxy-si.mon.glb,seaIce,mon,mapped,0.0047,0.0047
seaIce.sistrydtop.tavg-u-hxy-si.mon.glb,seaIce,mon,mapped,0.0047,0.0047
seaIce.sitempsnic.tavg-u-hxy-si.mon.glb,seaIce,mon,mapped,0.0047,0.0047
seaIce.ts.tavg-u-hxy-si.mon.glb,seaIce,mon,mapped,0.0047,0.0047
seaIce.sithick.tavg-u-hxy-si.mon.glb,seaIce,mon,mapped,0.0047,0.0047
seaIce.sitimefrac.tavg-u-hxy-sea.mon.glb,seaIce,mon,mapped,0.0047,0.0047
seaIce.siu.tavg-u-hxy-si.mon.glb,seaIce,mon,mapped,0.0047,0.0047
seaIce.siv.tavg-u-hxy-si.mon.glb,seaIce,mon,mapped,0.0047,0.0047
seaIce.sieqthick.tavg-u-hxy-si.mon.glb,seaIce,mon,mapped,0.0047,0.0047
land.slthick.ti-sl-hxy-lnd.fx.glb,land,fx,mapped,0.0036,0.0036
ocean.bigthetao.tavg-ol-hxy-sea.dec.glb,ocean,dec,true_gap,0.0029,0.0029
ocean.masscello.tavg-ol-hxy-sea.dec.glb,ocean,dec,mapped,0.0029,0.0029
ocean.so.tavg-ol-hxy-sea.dec.glb,ocean,dec,mapped,0.0029,0.0029
ocean.thetao.tavg-ol-hxy-sea.dec.glb,ocean,dec,mapped,0.0029,0.0029
ocean.thkcello.tavg-ol-hxy-sea.dec.glb,ocean,dec,mapped,0.0029,0.0029
ocean.volcello.tavg-ol-hxy-sea.dec.glb,ocean,dec,mapped,0.0029,0.0029
ocean.msftm.tavg-rho-hyb-sea.mon.glb,ocean,mon,true_gap,0.0029,0.0029
ocean.msftm.tavg-ol-hyb-sea.mon.glb,ocean,mon,true_gap,0.0029,0.0029
ocean.msftmmpa.tavg-ol-hyb-sea.mon.glb,ocean,mon,true_gap,0.0029,0.0029
ocean.msfty.tavg-rho-ht-sea.mon.glb,ocean,mon,true_gap,0.0029,0.0029
ocean.msfty.tavg-ol-ht-sea.mon.glb,ocean,mon,mapped,0.0029,0.0029
aerosol.abs550aer.tavg-u-hxy-u.mon.glb,aerosol,mon,mapped,0.0022,0.0022
aerosol.abs550bc.tavg-u-hxy-u.mon.glb,aerosol,mon,true_gap,0.0022,0.0022
aerosol.abs550dust.tavg-u-hxy-u.mon.glb,aerosol,mon,true_gap,0.0022,0.0022
aerosol.abs550so4.tavg-u-hxy-u.mon.glb,aerosol,mon,true_gap,0.0022,0.0022
aerosol.ccn.tavg-u-hxy-ccl.mon.glb,aerosol,mon,true_gap,0.0022,0.0022
aerosol.drydust.tavg-u-hxy-u.mon.glb,aerosol,mon,true_gap,0.0022,0.0022
aerosol.emibbbc.tavg-u-hxy-u.mon.glb,aerosol,mon,true_gap,0.0022,0.0022
aerosol.emibbch4.tavg-u-hxy-u.mon.glb,aerosol,mon,true_gap,0.0022,0.0022
aerosol.emibbco.tavg-u-hxy-u.mon.glb,aerosol,mon,true_gap,0.0022,0.0022
aerosol.emibbdms.tavg-u-hxy-u.mon.glb,aerosol,mon,true_gap,0.0022,0.0022
aerosol.emibboa.tavg-u-hxy-u.mon.glb,aerosol,mon,true_gap,0.0022,0.0022
aerosol.emibbso2.tavg-u-hxy-u.mon.glb,aerosol,mon,true_gap,0.0022,0.0022
aerosol.emibbvoc.tavg-u-hxy-u.mon.glb,aerosol,mon,true_gap,0.0022,0.0022
aerosol.lwp.tavg-u-hxy-u.mon.glb,aerosol,mon,true_gap,0.0022,0.0022
aerosol.od550aer.tavg-u-hxy-u.mon.glb,aerosol,mon,mapped,0.0022,0.0022
aerosol.od550bb.tavg-u-hxy-u.mon.glb,aerosol,mon,true_gap,0.0022,0.0022
aerosol.od550bc.tavg-u-hxy-u.mon.glb,aerosol,mon,true_gap,0.0022,0.0022
aerosol.od550dust.tavg-u-hxy-u.mon.glb,aerosol,mon,true_gap,0.0022,0.0022
aerosol.od550no3.tavg-u-hxy-u.mon.glb,aerosol,mon,true_gap,0.0022,0.0022
aerosol.od550oa.tavg-u-hxy-u.mon.glb,aerosol,mon,true_gap,0.0022,0.0022
aerosol.od550so4.tavg-u-hxy-u.mon.glb,aerosol,mon,true_gap,0.0022,0.0022
aerosol.od550soa.tavg-u-hxy-u.mon.glb,aerosol,mon,true_gap,0.0022,0.0022
aerosol.od550ss.tavg-u-hxy-u.mon.glb,aerosol,mon,true_gap,0.0022,0.0022
aerosol.wetdust.tavg-u-hxy-u.mon.glb,aerosol,mon,true_gap,0.0022,0.0022
atmos.aod550volso4.tavg-u-hxy-u.mon.glb,atmos,mon,true_gap,0.0022,0.0022
atmos.clivi.tavg-u-hxy-u.mon.glb,atmos,mon,mapped,0.0022,0.0022
atmos.clt.tavg-u-hxy-u.mon.glb,atmos,mon,mapped,0.0022,0.0022
atmos.cltc.tavg-u-hxy-u.mon.glb,atmos,mon,true_gap,0.0022,0.0022
atmos.clwvi.tavg-u-hxy-u.mon.glb,atmos,mon,mapped,0.0022,0.0022
atmos.co2.tavg-h2m-hxy-u.mon.glb,atmos,mon,true_gap,0.0022,0.0022
atmos.evspsbl.tavg-u-hxy-u.mon.glb,atmos,mon,mapped,0.0022,0.0022
atmos.fco2all.tavg-u-hxy-u.mon.glb,atmos,mon,true_gap,0.0022,0.0022
atmos.fco2antt.tavg-u-hxy-u.mon.glb,atmos,mon,true_gap,0.0022,0.0022
atmos.fco2fos.tavg-u-hxy-u.mon.glb,atmos,mon,true_gap,0.0022,0.0022
atmos.fco2nat.tavg-u-hxy-u.mon.glb,atmos,mon,true_gap,0.0022,0.0022
atmos.hfls.tavg-u-hxy-u.mon.glb,atmos,mon,mapped,0.0022,0.0022
atmos.hfss.tavg-u-hxy-u.mon.glb,atmos,mon,mapped,0.0022,0.0022
atmos.hurs.tavg-h2m-hxy-u.mon.glb,atmos,mon,mapped,0.0022,0.0022
atmos.huss.tavg-h2m-hxy-u.mon.glb,atmos,mon,mapped,0.0022,0.0022
atmos.loadso4.tavg-u-hxy-u.mon.glb,atmos,mon,true_gap,0.0022,0.0022
atmos.pr.tavg-u-hxy-u.mon.glb,atmos,mon,mapped,0.0022,0.0022
atmos.prc.tavg-u-hxy-u.mon.glb,atmos,mon,mapped,0.0022,0.0022
atmos.pr.tmax-u-hxy-u.mon.glb,atmos,mon,derivable,0.0022,0.0000
atmos.prra.tavg-u-hxy-u.mon.glb,atmos,mon,true_gap,0.0022,0.0022
atmos.prsn.tavg-u-hxy-u.mon.glb,atmos,mon,mapped,0.0022,0.0022
atmos.prw.tavg-u-hxy-u.mon.glb,atmos,mon,mapped,0.0022,0.0022
atmos.ps.tavg-u-hxy-u.mon.glb,atmos,mon,mapped,0.0022,0.0022
atmos.psl.tavg-u-hxy-u.mon.glb,atmos,mon,mapped,0.0022,0.0022
atmos.reffsclwtop.tavg-u-hxy-scl.mon.glb,atmos,mon,true_gap,0.0022,0.0022
atmos.rlds.tavg-u-hxy-u.mon.glb,atmos,mon,mapped,0.0022,0.0022
atmos.rldscs.tavg-u-hxy-u.mon.glb,atmos,mon,mapped,0.0022,0.0022
atmos.rls.tavg-u-hxy-u.mon.glb,atmos,mon,mapped,0.0022,0.0022
atmos.rlus.tavg-u-hxy-u.mon.glb,atmos,mon,mapped,0.0022,0.0022
atmos.rluscs.tavg-u-hxy-u.mon.glb,atmos,mon,true_gap,0.0022,0.0022
atmos.rlut.tavg-u-hxy-u.mon.glb,atmos,mon,mapped,0.0022,0.0022
atmos.rlutcs.tavg-u-hxy-u.mon.glb,atmos,mon,mapped,0.0022,0.0022
atmos.rsds.tavg-u-hxy-u.mon.glb,atmos,mon,mapped,0.0022,0.0022
atmos.rsdscs.tavg-u-hxy-u.mon.glb,atmos,mon,mapped,0.0022,0.0022
atmos.rsdt.tavg-u-hxy-u.mon.glb,atmos,mon,mapped,0.0022,0.0022
atmos.rss.tavg-u-hxy-u.mon.glb,atmos,mon,mapped,0.0022,0.0022
atmos.rsus.tavg-u-hxy-u.mon.glb,atmos,mon,mapped,0.0022,0.0022
atmos.rsuscs.tavg-u-hxy-u.mon.glb,atmos,mon,mapped,0.0022,0.0022
atmos.rsut.tavg-u-hxy-u.mon.glb,atmos,mon,mapped,0.0022,0.0022
atmos.rsutcs.tavg-u-hxy-u.mon.glb,atmos,mon,mapped,0.0022,0.0022
atmos.rtmt.tavg-u-hxy-u.mon.glb,atmos,mon,true_gap,0.0022,0.0022
atmos.sfcWind.tavg-h10m-hxy-u.mon.glb,atmos,mon,mapped,0.0022,0.0022
atmos.sfcWind.tmaxavg-h10m-hxy-u.mon.glb,atmos,mon,mapped,0.0022,0.0022
atmos.tas.tavg-h2m-hxy-u.mon.glb,atmos,mon,mapped,0.0022,0.0022
atmos.tas.tmaxavg-h2m-hxy-u.mon.glb,atmos,mon,mapped,0.0022,0.0022
atmos.tas.tminavg-h2m-hxy-u.mon.glb,atmos,mon,mapped,0.0022,0.0022
atmos.tauu.tavg-u-hxy-u.mon.glb,atmos,mon,mapped,0.0022,0.0022
atmos.tauv.tavg-u-hxy-u.mon.glb,atmos,mon,mapped,0.0022,0.0022
atmos.tdps.tavg-h2m-hxy-u.mon.glb,atmos,mon,true_gap,0.0022,0.0022
atmos.ts.tavg-u-hxy-u.mon.glb,atmos,mon,mapped,0.0022,0.0022
atmos.uas.tavg-h10m-hxy-u.mon.glb,atmos,mon,mapped,0.0022,0.0022
atmos.vas.tavg-h10m-hxy-u.mon.glb,atmos,mon,mapped,0.0022,0.0022
atmos.wsg.tmax-h100m-hxy-u.mon.glb,atmos,mon,true_gap,0.0022,0.0022
atmos.wsg.tmax-h10m-hxy-u.mon.glb,atmos,mon,true_gap,0.0022,0.0022
atmosChem.ch4losssoil.tavg-u-hxy-u.mon.glb,atmosChem,mon,true_gap,0.0022,0.0022
atmosChem.drynoy.tavg-u-hxy-u.mon.glb,atmosChem,mon,true_gap,0.0022,0.0022
atmosChem.emiach4.tavg-u-hxy-u.mon.glb,atmosChem,mon,true_gap,0.0022,0.0022
atmosChem.emich4.tavg-u-hxy-u.mon.glb,atmosChem,mon,true_gap,0.0022,0.0022
atmosChem.emilkch4.tavg-u-hxy-u.mon.glb,atmosChem,mon,true_gap,0.0022,0.0022
atmosChem.flashrate.tavg-u-hxy-u.mon.glb,atmosChem,mon,true_gap,0.0022,0.0022
atmosChem.wetnoy.tavg-u-hxy-u.mon.glb,atmosChem,mon,true_gap,0.0022,0.0022
land.albc.tavg-u-hxy-veg.mon.glb,land,mon,true_gap,0.0022,0.0022
land.baresoilFrac.tavg-u-hxy-u.mon.glb,land,mon,mapped,0.0022,0.0022
land.burntFractionAll.tavg-u-hxy-u.mon.glb,land,mon,mapped,0.0022,0.0022
land.cGeologicStorage.tavg-u-hxy-u.mon.glb,land,mon,true_gap,0.0022,0.0022
land.cLand.tavg-u-hxy-lnd.mon.glb,land,mon,mapped,0.0022,0.0022
land.cLeaf.tavg-u-hxy-lnd.mon.glb,land,mon,true_gap,0.0022,0.0022
land.cLitter.tavg-u-hxy-lnd.mon.glb,land,mon,mapped,0.0022,0.0022
land.cLitterCwd.tavg-u-hxy-lnd.mon.glb,land,mon,true_gap,0.0022,0.0022
land.cLitterSubSurf.tavg-u-hxy-lnd.mon.glb,land,mon,true_gap,0.0022,0.0022
land.cLitterSurf.tavg-u-hxy-lnd.mon.glb,land,mon,true_gap,0.0022,0.0022
land.cOther.tavg-u-hxy-lnd.mon.glb,land,mon,true_gap,0.0022,0.0022
land.cProduct.tavg-u-hxy-lnd.mon.glb,land,mon,mapped,0.0022,0.0022
land.cRoot.tavg-u-hxy-lnd.mon.glb,land,mon,true_gap,0.0022,0.0022
land.cSoil.tavg-u-hxy-lnd.mon.glb,land,mon,mapped,0.0022,0.0022
land.cSoil.tavg-d100cm-hxy-lnd.mon.glb,land,mon,mapped,0.0022,0.0022
land.cStem.tavg-u-hxy-lnd.mon.glb,land,mon,true_gap,0.0022,0.0022
land.cVeg.tavg-u-hxy-lnd.mon.glb,land,mon,mapped,0.0022,0.0022
land.cVeg.tavg-u-hxy-ng.mon.glb,land,mon,derivable,0.0022,0.0000
land.cVeg.tavg-u-hxy-shb.mon.glb,land,mon,derivable,0.0022,0.0000
land.cVeg.tavg-u-hxy-tree.mon.glb,land,mon,derivable,0.0022,0.0000
land.cnc.tavg-u-hxy-u.mon.glb,land,mon,true_gap,0.0022,0.0022
land.cropFrac.tavg-u-hxy-u.mon.glb,land,mon,mapped,0.0022,0.0022
land.cropFracC3.tavg-u-hxy-u.mon.glb,land,mon,mapped,0.0022,0.0022
land.cropFracC4.tavg-u-hxy-u.mon.glb,land,mon,true_gap,0.0022,0.0022
land.evspsblpot.tavg-u-hxy-lnd.mon.glb,land,mon,true_gap,0.0022,0.0022
land.evspsblsoi.tavg-u-hxy-lnd.mon.glb,land,mon,mapped,0.0022,0.0022
land.evspsblveg.tavg-u-hxy-lnd.mon.glb,land,mon,mapped,0.0022,0.0022
land.fAnthDisturb.tavg-u-hxy-lnd.mon.glb,land,mon,true_gap,0.0022,0.0022
land.fBNF.tavg-u-hxy-lnd.mon.glb,land,mon,mapped,0.0022,0.0022
land.fCLandToOcean.tavg-u-hxy-lnd.mon.glb,land,mon,true_gap,0.0022,0.0022
land.fDeforestToAtmos.tavg-u-hxy-lnd.mon.glb,land,mon,true_gap,0.0022,0.0022
land.fDeforestToProduct.tavg-u-hxy-lnd.mon.glb,land,mon,mapped,0.0022,0.0022
land.fFire.tavg-u-hxy-lnd.mon.glb,land,mon,mapped,0.0022,0.0022
land.fFireAll.tavg-u-hxy-lnd.mon.glb,land,mon,true_gap,0.0022,0.0022
land.fFireNat.tavg-u-hxy-lnd.mon.glb,land,mon,true_gap,0.0022,0.0022
land.fHarvestToAtmos.tavg-u-hxy-lnd.mon.glb,land,mon,true_gap,0.0022,0.0022
land.fHarvestToGeologicStorage.tavg-u-hxy-lnd.mon.glb,land,mon,true_gap,0.0022,0.0022
land.fHarvestToProduct.tavg-u-hxy-lnd.mon.glb,land,mon,mapped,0.0022,0.0022
land.fLitterFire.tavg-u-hxy-lnd.mon.glb,land,mon,true_gap,0.0022,0.0022
land.fLitterSoil.tavg-u-hxy-lnd.mon.glb,land,mon,mapped,0.0022,0.0022
land.fLuc.tavg-u-hxy-lnd.mon.glb,land,mon,mapped,0.0022,0.0022
land.fN2O.tavg-u-hxy-lnd.mon.glb,land,mon,mapped,0.0022,0.0022
land.fNAnthDisturb.tavg-u-hxy-lnd.mon.glb,land,mon,true_gap,0.0022,0.0022
land.fNLandToOcean.tavg-u-hxy-lnd.mon.glb,land,mon,mapped,0.0022,0.0022
land.fNLitterSoil.tavg-u-hxy-lnd.mon.glb,land,mon,mapped,0.0022,0.0022
land.fNOx.tavg-u-hxy-lnd.mon.glb,land,mon,true_gap,0.0022,0.0022
land.fNProduct.tavg-u-hxy-lnd.mon.glb,land,mon,mapped,0.0022,0.0022
land.fNVegLitter.tavg-u-hxy-lnd.mon.glb,land,mon,true_gap,0.0022,0.0022
land.fNVegSoil.tavg-u-hxy-lnd.mon.glb,land,mon,true_gap,0.0022,0.0022
land.fNdep.tavg-u-hxy-lnd.mon.glb,land,mon,mapped,0.0022,0.0022
land.fNfert.tavg-u-hxy-lnd.mon.glb,land,mon,true_gap,0.0022,0.0022
land.fNgas.tavg-u-hxy-lnd.mon.glb,land,mon,true_gap,0.0022,0.0022
land.fNgasFire.tavg-u-hxy-lnd.mon.glb,land,mon,true_gap,0.0022,0.0022
land.fNgasNonFire.tavg-u-hxy-lnd.mon.glb,land,mon,true_gap,0.0022,0.0022
land.fNleach.tavg-u-hxy-lnd.mon.glb,land,mon,mapped,0.0022,0.0022
land.fNloss.tavg-u-hxy-lnd.mon.glb,land,mon,true_gap,0.0022,0.0022
land.fNnetmin.tavg-u-hxy-lnd.mon.glb,land,mon,mapped,0.0022,0.0022
land.fNup.tavg-u-hxy-lnd.mon.glb,land,mon,mapped,0.0022,0.0022
land.fProductDecomp.tavg-u-hxy-lnd.mon.glb,land,mon,mapped,0.0022,0.0022
land.fVegFire.tavg-u-hxy-lnd.mon.glb,land,mon,true_gap,0.0022,0.0022
land.fVegLitter.tavg-u-hxy-lnd.mon.glb,land,mon,mapped,0.0022,0.0022
land.fVegLitterMortality.tavg-u-hxy-lnd.mon.glb,land,mon,true_gap,0.0022,0.0022
land.fVegLitterSenescence.tavg-u-hxy-lnd.mon.glb,land,mon,true_gap,0.0022,0.0022
land.fVegSoil.tavg-u-hxy-lnd.mon.glb,land,mon,true_gap,0.0022,0.0022
land.fVegSoilMortality.tavg-u-hxy-lnd.mon.glb,land,mon,true_gap,0.0022,0.0022
land.fVegSoilSenescence.tavg-u-hxy-lnd.mon.glb,land,mon,true_gap,0.0022,0.0022
land.gpp.tavg-u-hxy-lnd.mon.glb,land,mon,mapped,0.0022,0.0022
land.gpp.tavg-u-hxy-ng.mon.glb,land,mon,derivable,0.0022,0.0000
land.gpp.tavg-u-hxy-shb.mon.glb,land,mon,derivable,0.0022,0.0000
land.gpp.tavg-u-hxy-tree.mon.glb,land,mon,derivable,0.0022,0.0000
land.grassFrac.tavg-u-hxy-u.mon.glb,land,mon,mapped,0.0022,0.0022
land.grassFracC3.tavg-u-hxy-u.mon.glb,land,mon,mapped,0.0022,0.0022
land.grassFracC4.tavg-u-hxy-u.mon.glb,land,mon,mapped,0.0022,0.0022
land.lai.tavg-u-hxy-lnd.mon.glb,land,mon,mapped,0.0022,0.0022
land.mrro.tavg-u-hxy-lnd.mon.glb,land,mon,mapped,0.0022,0.0022
land.mrros.tavg-u-hxy-lnd.mon.glb,land,mon,mapped,0.0022,0.0022
land.mrso.tavg-u-hxy-lnd.mon.glb,land,mon,mapped,0.0022,0.0022
land.mrsol.tavg-d10cm-hxy-lnd.mon.glb,land,mon,mapped,0.0022,0.0022
land.mrtws.tavg-u-hxy-lnd.mon.glb,land,mon,true_gap,0.0022,0.0022
land.nLand.tavg-u-hxy-lnd.mon.glb,land,mon,mapped,0.0022,0.0022
land.nLeaf.tavg-u-hxy-lnd.mon.glb,land,mon,true_gap,0.0022,0.0022
land.nLitter.tavg-u-hxy-lnd.mon.glb,land,mon,mapped,0.0022,0.0022
land.nLitterCwd.tavg-u-hxy-lnd.mon.glb,land,mon,true_gap,0.0022,0.0022
land.nLitterSubSurf.tavg-u-hxy-lnd.mon.glb,land,mon,true_gap,0.0022,0.0022
land.nLitterSurf.tavg-u-hxy-lnd.mon.glb,land,mon,true_gap,0.0022,0.0022
land.nMineral.tavg-u-hxy-lnd.mon.glb,land,mon,mapped,0.0022,0.0022
land.nMineralNH4.tavg-u-hxy-lnd.mon.glb,land,mon,true_gap,0.0022,0.0022
land.nMineralNO3.tavg-u-hxy-lnd.mon.glb,land,mon,true_gap,0.0022,0.0022
land.nOther.tavg-u-hxy-lnd.mon.glb,land,mon,true_gap,0.0022,0.0022
land.nProduct.tavg-u-hxy-lnd.mon.glb,land,mon,mapped,0.0022,0.0022
land.nRoot.tavg-u-hxy-lnd.mon.glb,land,mon,true_gap,0.0022,0.0022
land.nSoil.tavg-u-hxy-lnd.mon.glb,land,mon,mapped,0.0022,0.0022
land.nStem.tavg-u-hxy-lnd.mon.glb,land,mon,true_gap,0.0022,0.0022
land.nVeg.tavg-u-hxy-lnd.mon.glb,land,mon,mapped,0.0022,0.0022
land.nbp.tavg-u-hxy-lnd.mon.glb,land,mon,mapped,0.0022,0.0022
land.nep.tavg-u-hxy-lnd.mon.glb,land,mon,mapped,0.0022,0.0022
land.netAtmosLandCO2Flux.tavg-u-hxy-lnd.mon.glb,land,mon,mapped,0.0022,0.0022
land.npp.tavg-u-hxy-lnd.mon.glb,land,mon,mapped,0.0022,0.0022
land.npp.tavg-u-hxy-ng.mon.glb,land,mon,derivable,0.0022,0.0000
land.nppLeaf.tavg-u-hxy-lnd.mon.glb,land,mon,true_gap,0.0022,0.0022
land.nppOther.tavg-u-hxy-lnd.mon.glb,land,mon,true_gap,0.0022,0.0022
land.nppRoot.tavg-u-hxy-lnd.mon.glb,land,mon,true_gap,0.0022,0.0022
land.npp.tavg-u-hxy-shb.mon.glb,land,mon,derivable,0.0022,0.0000
land.nppStem.tavg-u-hxy-lnd.mon.glb,land,mon,true_gap,0.0022,0.0022
land.npp.tavg-u-hxy-tree.mon.glb,land,mon,derivable,0.0022,0.0000
land.pastureFrac.tavg-u-hxy-u.mon.glb,land,mon,true_gap,0.0022,0.0022
land.pastureFracC3.tavg-u-hxy-u.mon.glb,land,mon,true_gap,0.0022,0.0022
land.pastureFracC4.tavg-u-hxy-u.mon.glb,land,mon,true_gap,0.0022,0.0022
land.prveg.tavg-u-hxy-lnd.mon.glb,land,mon,true_gap,0.0022,0.0022
land.ra.tavg-u-hxy-lnd.mon.glb,land,mon,mapped,0.0022,0.0022
land.ra.tavg-u-hxy-ng.mon.glb,land,mon,derivable,0.0022,0.0000
land.raLeaf.tavg-u-hxy-lnd.mon.glb,land,mon,true_gap,0.0022,0.0022
land.raOther.tavg-u-hxy-lnd.mon.glb,land,mon,true_gap,0.0022,0.0022
land.raRoot.tavg-u-hxy-lnd.mon.glb,land,mon,true_gap,0.0022,0.0022
land.ra.tavg-u-hxy-shb.mon.glb,land,mon,derivable,0.0022,0.0000
land.raStem.tavg-u-hxy-lnd.mon.glb,land,mon,true_gap,0.0022,0.0022
land.ra.tavg-u-hxy-tree.mon.glb,land,mon,derivable,0.0022,0.0000
land.residualFrac.tavg-u-hxy-u.mon.glb,land,mon,mapped,0.0022,0.0022
land.rh.tavg-u-hxy-lnd.mon.glb,land,mon,mapped,0.0022,0.0022
land.rh.tavg-u-hxy-ng.mon.glb,land,mon,derivable,0.0022,0.0000
land.rhLitter.tavg-u-hxy-lnd.mon.glb,land,mon,true_gap,0.0022,0.0022
land.rh.tavg-u-hxy-shb.mon.glb,land,mon,derivable,0.0022,0.0000
land.rhSoil.tavg-u-hxy-lnd.mon.glb,land,mon,true_gap,0.0022,0.0022
land.rh.tavg-u-hxy-tree.mon.glb,land,mon,derivable,0.0022,0.0000
land.rsds.tavg-u-hxy-sn.mon.glb,land,mon,derivable,0.0022,0.0000
land.rsus.tavg-u-hxy-sn.mon.glb,land,mon,derivable,0.0022,0.0000
land.shrubFrac.tavg-u-hxy-u.mon.glb,land,mon,mapped,0.0022,0.0022
land.tran.tavg-u-hxy-lnd.mon.glb,land,mon,mapped,0.0022,0.0022
land.treeFrac.tavg-u-hxy-u.mon.glb,land,mon,mapped,0.0022,0.0022
land.treeFracBdlDcd.tavg-u-hxy-u.mon.glb,land,mon,mapped,0.0022,0.0022
land.treeFracBdlEvg.tavg-u-hxy-u.mon.glb,land,mon,mapped,0.0022,0.0022
land.treeFracNdlDcd.tavg-u-hxy-u.mon.glb,land,mon,mapped,0.0022,0.0022
land.treeFracNdlEvg.tavg-u-hxy-u.mon.glb,land,mon,mapped,0.0022,0.0022
land.vegFrac.tavg-u-hxy-u.mon.glb,land,mon,mapped,0.0022,0.0022
land.vegHeight.tavg-u-hxy-veg.mon.glb,land,mon,mapped,0.0022,0.0022
land.vegHeight.tavg-u-hxy-ng.mon.glb,land,mon,derivable,0.0022,0.0000
land.vegHeight.tavg-u-hxy-shb.mon.glb,land,mon,derivable,0.0022,0.0000
land.vegHeight.tavg-u-hxy-tree.mon.glb,land,mon,derivable,0.0022,0.0000
land.wetlandCH4.tavg-u-hxy-lnd.mon.glb,land,mon,true_gap,0.0022,0.0022
land.wetlandCH4cons.tavg-u-hxy-lnd.mon.glb,land,mon,true_gap,0.0022,0.0022
land.wetlandCH4prod.tavg-u-hxy-lnd.mon.glb,land,mon,true_gap,0.0022,0.0022
land.wetlandFrac.tavg-u-hxy-u.mon.glb,land,mon,true_gap,0.0022,0.0022
landIce.agesno.tavg-u-hxy-lnd.mon.glb,landIce,mon,true_gap,0.0022,0.0022
landIce.hfdsn.tavg-u-hxy-lnd.mon.glb,landIce,mon,mapped,0.0022,0.0022
landIce.lwsnl.tavg-u-hxy-lnd.mon.glb,landIce,mon,true_gap,0.0022,0.0022
landIce.mrfso.tavg-u-hxy-lnd.mon.glb,landIce,mon,mapped,0.0022,0.0022
landIce.pflw.tavg-u-hxy-lnd.mon.glb,landIce,mon,true_gap,0.0022,0.0022
landIce.sbl.tavg-u-hxy-lnd.mon.glb,landIce,mon,mapped,0.0022,0.0022
landIce.sbl.tavg-u-hxy-u.mon.glb,landIce,mon,mapped,0.0022,0.0022
landIce.snc.tavg-u-hxy-lnd.mon.glb,landIce,mon,mapped,0.0022,0.0022
landIce.snd.tavg-u-hxy-lnd.mon.glb,landIce,mon,mapped,0.0022,0.0022
landIce.snm.tavg-u-hxy-lnd.mon.glb,landIce,mon,mapped,0.0022,0.0022
landIce.snw.tavg-u-hxy-lnd.mon.glb,landIce,mon,true_gap,0.0022,0.0022
landIce.sootsn.tavg-u-hxy-lnd.mon.glb,landIce,mon,true_gap,0.0022,0.0022
landIce.tpf.tavg-u-hxy-lnd.mon.glb,landIce,mon,true_gap,0.0022,0.0022
landIce.tsn.tavg-u-hxy-lnd.mon.glb,landIce,mon,mapped,0.0022,0.0022
land.cLitterLut.tpt-u-hxy-multi.yr.glb,land,yr,mapped,0.0007,0.0007
land.cProductLut.tpt-u-hxy-multi.yr.glb,land,yr,mapped,0.0007,0.0007
land.cSoilLut.tpt-u-hxy-multi.yr.glb,land,yr,mapped,0.0007,0.0007
land.cVegLut.tpt-u-hxy-multi.yr.glb,land,yr,mapped,0.0007,0.0007
land.fracInLut.tsum-u-hxy-lnd.yr.glb,land,yr,true_gap,0.0007,0.0007
land.fracLut.tpt-u-hxy-u.yr.glb,land,yr,mapped,0.0007,0.0007
land.fracOutLut.tsum-u-hxy-lnd.yr.glb,land,yr,true_gap,0.0007,0.0007
ocean.areacello.ti-u-hxy-u.fx.glb,ocean,fx,mapped,0.0004,0.0004
ocean.basin.ti-u-hxy-u.fx.glb,ocean,fx,mapped,0.0004,0.0004
ocean.deptho.ti-u-hxy-sea.fx.glb,ocean,fx,mapped,0.0004,0.0004
ocean.hfgeou.ti-u-hxy-sea.fx.glb,ocean,fx,mapped,0.0004,0.0004
ocean.sftof.ti-u-hxy-u.fx.glb,ocean,fx,mapped,0.0004,0.0004
atmos.areacella.ti-u-hxy-u.fx.glb,atmos,fx,mapped,0.0002,0.0002
atmos.sftlf.ti-u-hxy-u.fx.glb,atmos,fx,mapped,0.0002,0.0002
land.depthl.ti-u-hxy-u.fx.glb,land,fx,true_gap,0.0002,0.0002
land.mrsofc.ti-u-hxy-lnd.fx.glb,land,fx,true_gap,0.0002,0.0002
land.orog.ti-u-hxy-u.fx.glb,land,fx,mapped,0.0002,0.0002
land.orog.ti-u-hxy-u.fx.30S-90S,land,fx,derivable,0.0002,0.0000
land.rootd.ti-u-hxy-lnd.fx.glb,land,fx,true_gap,0.0002,0.0002
land.sftgif.ti-u-hxy-u.fx.glb,land,fx,mapped,0.0002,0.0002
land.sftlaf.ti-u-hxy-u.fx.glb,land,fx,true_gap,0.0002,0.0002
land.baresoilFrac.tavg-u-hxy-u.yr.glb,land,yr,mapped,0.0002,0.0002
land.cropFrac.tavg-u-hxy-u.yr.glb,land,yr,mapped,0.0002,0.0002
land.grassFrac.tavg-u-hxy-u.yr.glb,land,yr,mapped,0.0002,0.0002
land.residualFrac.tavg-u-hxy-u.yr.glb,land,yr,mapped,0.0002,0.0002
land.shrubFrac.tavg-u-hxy-u.yr.glb,land,yr,mapped,0.0002,0.0002
land.treeFrac.tavg-u-hxy-u.yr.glb,land,yr,mapped,0.0002,0.0002
land.vegFrac.tavg-u-hxy-u.yr.glb,land,yr,mapped,0.0002,0.0002
atmos.epfy.tavg-p39-hy-air.day.glb,atmos,day,true_gap,0.0001,0.0001
atmos.epfz.tavg-p39-hy-air.day.glb,atmos,day,true_gap,0.0001,0.0001
atmos.ta.tavg-p39-hy-air.day.glb,atmos,day,mapped,0.0001,0.0001
atmos.tauunoegw.tavg-p39-hy-air.day.glb,atmos,day,true_gap,0.0001,0.0001
atmos.tauunowgw.tavg-p39-hy-air.day.glb,atmos,day,true_gap,0.0001,0.0001
atmos.tauuogw.tavg-p39-hy-air.day.glb,atmos,day,true_gap,0.0001,0.0001
atmos.tauvnogw.tavg-p39-hy-air.day.glb,atmos,day,true_gap,0.0001,0.0001
atmos.tauvogw.tavg-p39-hy-air.day.glb,atmos,day,true_gap,0.0001,0.0001
atmos.tntmp.tavg-p39-hy-air.day.glb,atmos,day,true_gap,0.0001,0.0001
atmos.tntrl.tavg-p39-hy-air.day.glb,atmos,day,true_gap,0.0001,0.0001
atmos.tntrs.tavg-p39-hy-air.day.glb,atmos,day,true_gap,0.0001,0.0001
atmos.ua.tavg-p39-hy-air.day.glb,atmos,day,mapped,0.0001,0.0001
atmos.utendepfd.tavg-p39-hy-air.day.glb,atmos,day,true_gap,0.0001,0.0001
atmos.utendnogw.tavg-p39-hy-air.day.glb,atmos,day,true_gap,0.0001,0.0001
atmos.utendogw.tavg-p39-hy-air.day.glb,atmos,day,true_gap,0.0001,0.0001
atmos.utendvtem.tavg-p39-hy-air.day.glb,atmos,day,true_gap,0.0001,0.0001
atmos.utendwtem.tavg-p39-hy-air.day.glb,atmos,day,true_gap,0.0001,0.0001
atmos.vtem.tavg-p39-hy-air.day.glb,atmos,day,true_gap,0.0001,0.0001
atmos.wtem.tavg-p39-hy-air.day.glb,atmos,day,true_gap,0.0001,0.0001
atmos.zg.tavg-p39-hy-air.day.glb,atmos,day,mapped,0.0001,0.0001
ocean.tauuo.tavg-u-hxy-sea.dec.glb,ocean,dec,mapped,0.0000,0.0000
ocean.tauvo.tavg-u-hxy-sea.dec.glb,ocean,dec,mapped,0.0000,0.0000
ocean.hfbasin.tavg-u-hyb-sea.mon.glb,ocean,mon,mapped,0.0000,0.0000
ocean.hfbasinpadv.tavg-u-hyb-sea.mon.glb,ocean,mon,mapped,0.0000,0.0000
ocean.hfbasinpmadv.tavg-u-hyb-sea.mon.glb,ocean,mon,mapped,0.0000,0.0000
ocean.hfbasinpmdiff.tavg-u-hyb-sea.mon.glb,ocean,mon,mapped,0.0000,0.0000
ocean.hfbasinpsmadv.tavg-u-hyb-sea.mon.glb,ocean,mon,true_gap,0.0000,0.0000
ocean.sltbasin.tavg-u-hyb-sea.mon.glb,ocean,mon,true_gap,0.0000,0.0000
aerosol.bry.tavg-p39-hy-air.mon.glb,aerosol,mon,true_gap,0.0000,0.0000
aerosol.cly.tavg-p39-hy-air.mon.glb,aerosol,mon,true_gap,0.0000,0.0000
aerosol.noy.tavg-p39-hy-air.mon.glb,aerosol,mon,true_gap,0.0000,0.0000
atmos.epfy.tavg-p39-hy-air.mon.glb,atmos,mon,true_gap,0.0000,0.0000
atmos.epfz.tavg-p39-hy-air.mon.glb,atmos,mon,true_gap,0.0000,0.0000
atmos.ta.tavg-p39-hy-air.mon.glb,atmos,mon,mapped,0.0000,0.0000
atmos.tntmp.tavg-p39-hy-air.mon.glb,atmos,mon,true_gap,0.0000,0.0000
atmos.tntrl.tavg-p39-hy-air.mon.glb,atmos,mon,true_gap,0.0000,0.0000
atmos.tntrs.tavg-p39-hy-air.mon.glb,atmos,mon,true_gap,0.0000,0.0000
atmos.ua.tavg-p39-hy-air.mon.glb,atmos,mon,mapped,0.0000,0.0000
atmos.utendepfd.tavg-p39-hy-air.mon.glb,atmos,mon,true_gap,0.0000,0.0000
atmos.utendnogw.tavg-p39-hy-air.mon.glb,atmos,mon,true_gap,0.0000,0.0000
atmos.utendogw.tavg-p39-hy-air.mon.glb,atmos,mon,true_gap,0.0000,0.0000
atmos.vtem.tavg-p39-hy-air.mon.glb,atmos,mon,true_gap,0.0000,0.0000
atmos.wtem.tavg-p39-hy-air.mon.glb,atmos,mon,true_gap,0.0000,0.0000
atmos.zg.tavg-p39-hy-air.mon.glb,atmos,mon,mapped,0.0000,0.0000
atmosChem.meanage.tavg-p39-hy-air.mon.glb,atmosChem,mon,true_gap,0.0000,0.0000
atmos.co2mass.tavg-u-hm-u.mon.glb,atmos,mon,true_gap,0.0000,0.0000
atmos.co2.tclm-u-hm-u.mon.glb,atmos,mon,true_gap,0.0000,0.0000
atmosChem.cfc113.tavg-u-hm-air.mon.glb,atmosChem,mon,true_gap,0.0000,0.0000
atmosChem.cfc11.tavg-u-hm-air.mon.glb,atmosChem,mon,true_gap,0.0000,0.0000
atmosChem.cfc12.tavg-u-hm-air.mon.glb,atmosChem,mon,derivable,0.0000,0.0000
atmosChem.hcfc22.tavg-u-hm-air.mon.glb,atmosChem,mon,true_gap,0.0000,0.0000
ocean.bigthetao.tavg-u-hm-sea.mon.glb,ocean,mon,true_gap,0.0000,0.0000
ocean.masso.tavg-u-hm-sea.mon.glb,ocean,mon,mapped,0.0000,0.0000
ocean.so.tavg-u-hm-sea.mon.glb,ocean,mon,mapped,0.0000,0.0000
ocean.sos.tavg-u-hm-sea.mon.glb,ocean,mon,mapped,0.0000,0.0000
ocean.thetao.tavg-u-hm-sea.mon.glb,ocean,mon,mapped,0.0000,0.0000
ocean.tos.tavg-u-hm-sea.mon.glb,ocean,mon,mapped,0.0000,0.0000
ocean.volo.tavg-u-hm-sea.mon.glb,ocean,mon,mapped,0.0000,0.0000
ocean.zostoga.tavg-u-hm-sea.mon.glb,ocean,mon,mapped,0.0000,0.0000
seaIce.siarea.tavg-u-hm-u.mon.nh,seaIce,mon,true_gap,0.0000,0.0000
seaIce.siarea.tavg-u-hm-u.mon.sh,seaIce,mon,true_gap,0.0000,0.0000
seaIce.siextent.tavg-u-hm-u.mon.nh,seaIce,mon,true_gap,0.0000,0.0000
seaIce.siextent.tavg-u-hm-u.mon.sh,seaIce,mon,true_gap,0.0000,0.0000
seaIce.sisnmass.tavg-u-hm-si.mon.nh,seaIce,mon,derivable,0.0000,0.0000
seaIce.sisnmass.tavg-u-hm-si.mon.sh,seaIce,mon,derivable,0.0000,0.0000
seaIce.sivol.tavg-u-hm-u.mon.nh,seaIce,mon,derivable,0.0000,0.0000
seaIce.sivol.tavg-u-hm-u.mon.sh,seaIce,mon,derivable,0.0000,0.0000
ocean.masso.tavg-u-hm-sea.dec.glb,ocean,dec,mapped,0.0000,0.0000
ocean.volo.tavg-u-hm-sea.dec.glb,ocean,dec,mapped,0.0000,0.0000
