realm,category,cmip6_name,out_name,base_raw,frequency,cell,decision,cmip6_table,long_name,groups,opportunities
aerosol,true_gap,abs550bc,abs550bc,,mon,ave,,AERmon,black carbon aaod@550nm,DAMIP_monthly,Detection and Attribution
aerosol,true_gap,abs550dust,abs550dust,,mon,ave,,AERmon,dust absorption aerosol optical depth @550nm,DAMIP_monthly,Detection and Attribution
aerosol,true_gap,abs550so4,abs550so4,,mon,ave,,AERmon,sulfate aaod@550nm,DAMIP_monthly,Detection and Attribution
aerosol,true_gap,bry,bry,,mon,ave,,AERmonZ,Total Inorganic Bromine Volume Mixing Ratio,dynamical_downscaling_aerosols_chemistry,Dynamical Downscaling (CORDEX)
aerosol,true_gap,ccn,ccn,,mon,ave,,AERmon,Cloud Condensation Nuclei Concentration at Liquid Cloud Top,FireMIP_monthly,Role of fire in the Earth system
aerosol,true_gap,cdnc,cdnc,,mon,ave,,AERmon,Cloud Liquid Droplet Number Concentration,FireMIP_monthly,Role of fire in the Earth system
aerosol,true_gap,cfc114,cfc114,,mon,ave,,AERmon,Mole Fraction of CFC114,dynamical_downscaling_core,Dynamical Downscaling (CORDEX)
aerosol,true_gap,cly,cly,,mon,ave,,AERmonZ,Total Inorganic Chlorine Volume Mixing Ratio,dynamical_downscaling_aerosols_chemistry,Dynamical Downscaling (CORDEX)
aerosol,true_gap,co,co,,mon,ave,,AERmon,CO Volume Mixing Ratio,dynamical_downscaling_aerosols_chemistry,Dynamical Downscaling (CORDEX)
aerosol,true_gap,conccn,conccn,,mon,ave,,AERmon,Aerosol Number Concentration,FireMIP_monthly,Role of fire in the Earth system
aerosol,true_gap,drydust,drydust,,mon,ave,,AERmon,Dry Deposition Rate of Dust,dynamical_downscaling_ocean_air_sea_biogeochemistry_forcing,Dynamical Downscaling (CORDEX)
aerosol,true_gap,emibbbc,emibbbc,,mon,ave,,AERmon,total emission rate of black carbon aerosol mass from all biomass burning,FireMIP_monthly,Role of fire in the Earth system
aerosol,true_gap,emibbch4,emibbch4,,mon,ave,,AERmon,total emission of CH4 from all biomass burning,FireMIP_monthly;land_ch4_fluxes,Benchmarking and Attributing Changes to Global Carbon and other Biogeochemical Cycles;Role of fire in the Earth system
aerosol,true_gap,emibbco,emibbco,,mon,ave,,AERmon,total emission rate of CO from all biomass burning,FireMIP_monthly,Role of fire in the Earth system
aerosol,true_gap,emibbdms,emibbdms,,mon,ave,,AERmon,total emission of DMS from all biomass burning,FireMIP_monthly,Role of fire in the Earth system
aerosol,true_gap,emibboa,emibboa,,mon,ave,,AERmon,total emission of organic aerosol from all biomass burning,FireMIP_monthly,Role of fire in the Earth system
aerosol,true_gap,emibbso2,emibbso2,,mon,ave,,AERmon,total emission rate of SO2 from all biomass burning,FireMIP_monthly,Role of fire in the Earth system
aerosol,true_gap,emibbvoc,emibbvoc,,mon,ave,,AERmon,total emission rate of NMVOC from all biomass burning,FireMIP_monthly,Role of fire in the Earth system
aerosol,true_gap,hcfc22,hcfc22,,mon,ave,,AERmon,Mole Fraction of HCFC22,dynamical_downscaling_core,Dynamical Downscaling (CORDEX)
aerosol,true_gap,hcl,hcl,,mon,ave,,AERmon,HCl Volume Mixing Ratio,dynamical_downscaling_aerosols_chemistry,Dynamical Downscaling (CORDEX)
aerosol,true_gap,hfc125,hfc125,,mon,ave,,AERmon,Mole Fraction of HFC125,dynamical_downscaling_core,Dynamical Downscaling (CORDEX)
aerosol,true_gap,hfc134a,hfc134a,,mon,ave,,AERmon,Mole Fraction of HFC134a,dynamical_downscaling_core,Dynamical Downscaling (CORDEX)
aerosol,true_gap,hno3,hno3,,mon,ave,,AERmon,HNO3 Volume Mixing Ratio,dynamical_downscaling_aerosols_chemistry,Dynamical Downscaling (CORDEX)
aerosol,true_gap,lwp,lwp,,mon,ave,,AERmon,Liquid Water Path,FireMIP_monthly,Role of fire in the Earth system
aerosol,true_gap,mmrbc,mmrbc,,mon,ave,,AERmon,Elemental Carbon Mass Mixing Ratio,dynamical_downscaling_aerosols_chemistry,Dynamical Downscaling (CORDEX)
aerosol,true_gap,mmrdust,mmrdust,,mon,ave,,AERmon,Dust Aerosol Mass Mixing Ratio,dynamical_downscaling_aerosols_chemistry,Dynamical Downscaling (CORDEX)
aerosol,true_gap,mmrnh4,mmrnh4,,mon,ave,,AERmon,NH4 Mass Mixing Ratio,dynamical_downscaling_aerosols_chemistry,Dynamical Downscaling (CORDEX)
aerosol,true_gap,mmrno3,mmrno3,,mon,ave,,AERmon,NO3 Aerosol Mass Mixing Ratio,dynamical_downscaling_aerosols_chemistry,Dynamical Downscaling (CORDEX)
aerosol,true_gap,mmroa,mmroa,,mon,ave,,AERmon,Total Organic Aerosol Mass Mixing Ratio,dynamical_downscaling_aerosols_chemistry,Dynamical Downscaling (CORDEX)
aerosol,true_gap,mmrpm2p5,mmrpm2p5,,mon,ave,,AERmon,PM2.5 Mass Mixing Ratio,FireMIP_monthly,Role of fire in the Earth system
aerosol,true_gap,mmrso4,mmrso4,,mon,ave,,AERmon,Aerosol Sulfate Mass Mixing Ratio,dynamical_downscaling_aerosols_chemistry,Dynamical Downscaling (CORDEX)
aerosol,true_gap,mmrsoa,mmrsoa,,mon,ave,,AERmon,Secondary Organic Aerosol Mass Mixing Ratio,dynamical_downscaling_aerosols_chemistry,Dynamical Downscaling (CORDEX)
aerosol,true_gap,mmrss,mmrss,,mon,ave,,AERmon,Sea-Salt Aerosol Mass Mixing Ratio,dynamical_downscaling_aerosols_chemistry,Dynamical Downscaling (CORDEX)
aerosol,true_gap,noy,noy,,mon,ave,,AERmonZ,Total Reactive Nitrogen Volume Mixing Ratio,dynamical_downscaling_aerosols_chemistry,Dynamical Downscaling (CORDEX)
aerosol,true_gap,od550bb,od550bb,,mon,ave,,AERmon,Aerosol Optical Depth at 550nm Due to Biomass Burning,FireMIP_monthly;dynamical_downscaling_core,Dynamical Downscaling (CORDEX);Role of fire in the Earth system
aerosol,true_gap,od550bc,od550bc,,mon,ave,,AERmon,Black Carbon Optical Thickness at 550nm,FireMIP_monthly;dynamical_downscaling_core,Dynamical Downscaling (CORDEX);Role of fire in the Earth system
aerosol,true_gap,od550dust,od550dust,,mon,ave,,AERmon,Dust Optical Thickness at 550nm,DAMIP_monthly;dynamical_downscaling_core,Detection and Attribution;Dynamical Downscaling (CORDEX)
aerosol,true_gap,od550no3,od550no3,,mon,ave,,AERmon,Nitrate Aerosol Optical Depth at 550nm,dynamical_downscaling_core,Dynamical Downscaling (CORDEX)
aerosol,true_gap,od550oa,od550oa,,mon,ave,,AERmon,Total Organic Aerosol Optical Depth at 550nm,FireMIP_monthly;dynamical_downscaling_core,Dynamical Downscaling (CORDEX);Role of fire in the Earth system
aerosol,true_gap,od550so4,od550so4,,mon,ave,,AERmon,Sulfate Aerosol Optical Depth at 550nm,dynamical_downscaling_core,Dynamical Downscaling (CORDEX)
aerosol,true_gap,od550soa,od550soa,,mon,ave,,AERmon,Particulate Organic Aerosol Optical Depth at 550nm,DAMIP_monthly;FireMIP_monthly,Detection and Attribution;Role of fire in the Earth system
aerosol,true_gap,od550ss,od550ss,,mon,ave,,AERmon,Sea-Salt Aerosol Optical Depth at 550nm,dynamical_downscaling_core,Dynamical Downscaling (CORDEX)
aerosol,true_gap,oh,oh,,mon,ave,,AERmon,OH Volume Mixing Ratio,dynamical_downscaling_aerosols_chemistry,Dynamical Downscaling (CORDEX)
aerosol,true_gap,sfo3max,o3,,day,max,,AERday,Daily Maximum O3 Volume Mixing Ratio near-surface,HealthPollutionDaily,Health Impacts
aerosol,true_gap,sfpm1,sfpm1,,day,ave,,AERday,Near-surface PM1.0 Mixing Ratio,HealthPollutionDaily,Health Impacts
aerosol,true_gap,sfpm10,sfpm10,,day,ave,,AERday,Near-surface PM10 Mixing Ratio,HealthPollutionDaily,Health Impacts
aerosol,true_gap,sfpm25,sfpm25,,day,ave,,AERday,Near-surface PM2.5 Mixing Ratio,HealthPollutionDaily,Health Impacts
aerosol,true_gap,so2,so2,,mon,ave,,AERmon,SO2 Volume Mixing Ratio,dynamical_downscaling_aerosols_chemistry,Dynamical Downscaling (CORDEX)
aerosol,true_gap,wetdust,wetdust,,mon,ave,,AERmon,Wet Deposition Rate of Dust,dynamical_downscaling_ocean_air_sea_biogeochemistry_forcing,Dynamical Downscaling (CORDEX)
atmos,derivable,hursSouth30,hurs,RHREFHT,1hr,ave,,E1hr,Near-Surface Relative Humidity,biodiv_microclim_hourly,Terrestrial Biodiversity
atmos,derivable,hus6,hus,"Q, PS, T",3hr,inst,,E3hrPt,Specific humidity,landatm_coupling_3hr_medium,Accurate assessment of land-atmosphere coupling
atmos,derivable,prSouth30,pr,PRECT,1hr,ave,,E1hr,Precipitation,biodiv_microclim_hourly,Terrestrial Biodiversity
atmos,derivable,prhmax,pr,PRECT,6hr,max,,6hrPlev,Maximum Hourly Precipitation Rate,DCPP_Wider,Diagnosing temperature variability and extremes;Multi-annual-to-decadal predictability of the Earth System and risk assessment of climate extremes
atmos,derivable,prhmax,pr,PRECT,day,max,,Eday,Maximum Hourly Precipitation Rate,DCPP_Essential;HealthFloodingDaily,Diagnosing temperature variability and extremes;Health Impacts;Multi-annual-to-decadal predictability of the Earth System and risk assessment of climate extremes
atmos,derivable,prhmax,pr,PRECT,mon,max,,Emon,Maximum Hourly Precipitation Rate,DCPP_Essential,Diagnosing temperature variability and extremes;Multi-annual-to-decadal predictability of the Earth System and risk assessment of climate extremes
atmos,derivable,psSouth30,ps,PS,1hr,inst,,E1hr,Surface Air Pressure,biodiv_microclim_hourly,Terrestrial Biodiversity
atmos,derivable,rldsSouth30,rlds,FLDS,1hr,ave,,E1hr,Surface Downwelling Longwave Radiation,biodiv_microclim_hourly,Terrestrial Biodiversity
atmos,derivable,rsdsSouth30,rsds,FSDS,1hr,ave,,E1hr,Surface Downwelling Shortwave Radiation,biodiv_microclim_hourly,Terrestrial Biodiversity
atmos,derivable,sfcWindSouth30,sfcWind,U10,1hr,ave,,E1hr,Near-Surface Wind Speed,biodiv_microclim_hourly,Terrestrial Biodiversity
atmos,derivable,ta6,ta,"T, PS",3hr,inst,,E3hrPt,Air temperature,landatm_coupling_3hr_medium,Accurate assessment of land-atmosphere coupling
atmos,derivable,taUTLS,ta,"T, PS",6hr,inst,,6hrPlevPt,6 hourly instantaneous temperature in the UTLS region,aviation_impacts_essential,Impacts of climate change on aviation
atmos,derivable,tasSouth30,tas,TREFHT,1hr,ave,,AERhr,Near-Surface Air Temperature,biodiv_microclim_hourly,Terrestrial Biodiversity
atmos,derivable,tsns,ts,TS,day,ave,,Eday,Snow Surface Temperature,snow_allfreq,"Assessments for Hydrological Processes, Water Resources, and Freshwater Systems"
atmos,derivable,ua6,ua,"U, PS, T",3hr,inst,,E3hrPt,Eastward wind,landatm_coupling_3hr_medium,Accurate assessment of land-atmosphere coupling
atmos,derivable,uaUTLS,ua,"U, PS, T",6hr,inst,,6hrPlevPt,6 hourly instantaneous eastward wind in the UTLS region,aviation_impacts_essential,Impacts of climate change on aviation
atmos,derivable,va6,va,"V, PS, T",3hr,inst,,E3hrPt,Northward Wind,landatm_coupling_3hr_medium,Accurate assessment of land-atmosphere coupling
atmos,derivable,vaUTLS,va,"V, PS, T",6hr,inst,,6hrPlevPt,6 hourly instantaneous northward wind in the UTLS region,aviation_impacts_essential,Impacts of climate change on aviation
atmos,derivable,wap6,wap,"OMEGA, PS, T",3hr,inst,,E3hrPt,Omega (=dp/dt),landatm_coupling_3hr_medium,Accurate assessment of land-atmosphere coupling
atmos,derivable,zg1000,zg,"Z3, PS, T",6hr,ave,,6hrPlev,Geopotential Height at 1000hPa,DCPP_Wider,Diagnosing temperature variability and extremes;Multi-annual-to-decadal predictability of the Earth System and risk assessment of climate extremes
atmos,true_gap,aod550volso4,aod550volso4,,mon,ave,,Amon,Monthly Aerosol Optical Depth at 550nm Due to Stratospheric Volcanic Aerosols,DAMIP_monthly,Detection and Attribution
atmos,true_gap,bldep,bldep,,3hr,inst,,3hrPt,Boundary Layer Depth,landatm_coupling_3hA,Accurate assessment of land-atmosphere coupling
atmos,true_gap,cldnvi,cldnvi,,day,ave,,Eday,Column Integrated Cloud Droplet Number,FireMIP_daily,Role of fire in the Earth system
atmos,true_gap,cltc,cltc,,mon,ave,,AERmon,Convective Cloud Cover Percentage,FireMIP_monthly,Role of fire in the Earth system
atmos,true_gap,co2,co2,,mon,ave,,AERmon,Mole Fraction of CO2,dynamical_downscaling_core,Dynamical Downscaling (CORDEX)
atmos,true_gap,co23D,co23D,,mon,ave,,Emon,3D-Field of Transported CO2,atmosphere_carbon_cycle_tier1,Benchmarking and Attributing Changes to Global Carbon and other Biogeochemical Cycles;Constructing a Global Carbon Budget
atmos,true_gap,co2Clim,co2,,mon,clim,,Amon,Mole Fraction of CO2,FireMIP_monthly,Role of fire in the Earth system
atmos,true_gap,co2mass,co2mass,,mon,ave,,Amon,Total Atmospheric Mass of CO2,atmosphere_carbon_cycle_tier1;biodiv_land_monthly,Benchmarking and Attributing Changes to Global Carbon and other Biogeochemical Cycles;Constructing a Global Carbon Budget;Terrestrial Biodiversity
atmos,true_gap,co2massClim,co2,,mon,clim,,Amon,Total Atmospheric Mass of CO2,DAMIP_monthly;DCPP_Essential;marine_bgc_baseline,Changes in marine biogeochemical cycles and ecosystem processes;Climate impacts on marine biodiversity and ecosystems;Detection and Attribution;Diagnosing temperature variability and extremes;Multi-annual-to-decadal predictability of the Earth System and risk assessment of climate extremes
atmos,true_gap,co2s,co2,,mon,ave,,Emon,Near-surface atmosphere CO2,DCPP_Wider,Diagnosing temperature variability and extremes;Multi-annual-to-decadal predictability of the Earth System and risk assessment of climate extremes
atmos,true_gap,epfy,epfy,,day,ave,,EdayZ,Northward Component of the Eliassen-Palm Flux,dynvar_basic,Atmospheric dynamics and variability
atmos,true_gap,epfy,epfy,,mon,ave,,EmonZ,Northward Component of the Eliassen-Palm Flux,DCPP_Wider;dynvar_basic,Atmospheric dynamics and variability;Diagnosing temperature variability and extremes;Multi-annual-to-decadal predictability of the Earth System and risk assessment of climate extremes
atmos,true_gap,epfz,epfz,,day,ave,,EdayZ,Upward Component of the Eliassen-Palm Flux,dynvar_basic,Atmospheric dynamics and variability
atmos,true_gap,epfz,epfz,,mon,ave,,EmonZ,Upward Component of the Eliassen-Palm Flux,DCPP_Wider;dynvar_basic,Atmospheric dynamics and variability;Diagnosing temperature variability and extremes;Multi-annual-to-decadal predictability of the Earth System and risk assessment of climate extremes
atmos,true_gap,fco2all,fco2all,,mon,ave,,Amon,Carbon Mass Flux into Atmosphere Due to All Emissions of CO2 from All Sources [kgC m-2 s-1],atmosphere_carbon_cycle_tier1,Benchmarking and Attributing Changes to Global Carbon and other Biogeochemical Cycles;Constructing a Global Carbon Budget
atmos,true_gap,fco2antt,fco2antt,,mon,ave,,Amon,Carbon Mass Flux into Atmosphere Due to All Anthropogenic Emissions of CO2 [kgC m-2 s-1],atmosphere_carbon_cycle_tier1,Benchmarking and Attributing Changes to Global Carbon and other Biogeochemical Cycles;Constructing a Global Carbon Budget
atmos,true_gap,fco2fos,fco2fos,,mon,ave,,Amon,Carbon Mass Flux into Atmosphere Due to Fossil Fuel Emissions of CO2 [kgC m-2 s-1],atmosphere_carbon_cycle_tier1,Benchmarking and Attributing Changes to Global Carbon and other Biogeochemical Cycles;Constructing a Global Carbon Budget
atmos,true_gap,fco2nat,fco2nat,,mon,ave,,Amon,Surface Carbon Mass Flux into the Atmosphere Due to Natural Sources [kgC m-2 s-1],FireMIP_monthly;atmosphere_carbon_cycle_tier1,Benchmarking and Attributing Changes to Global Carbon and other Biogeochemical Cycles;Constructing a Global Carbon Budget;Role of fire in the Earth system
atmos,true_gap,hfdsnb,hfdsnb,,day,ave,,Eday,Downward Heat Flux at Snow Base,snow_allfreq,"Assessments for Hydrological Processes, Water Resources, and Freshwater Systems"
atmos,true_gap,loadbc,loadbc,,day,ave,,Eday,Load of Black Carbon Aerosol,FireMIP_daily,Role of fire in the Earth system
atmos,true_gap,loadoa,loadoa,,day,ave,,Eday,Load of Dry Aerosol Organic Matter,FireMIP_daily,Role of fire in the Earth system
atmos,true_gap,loadpoa,loadpoa,,day,ave,,Eday,Load of Dry Aerosol Primary Organic Matter,FireMIP_daily,Role of fire in the Earth system
atmos,true_gap,loadso4,loadso4,,mon,ave,,Emon,Load of SO4,DAMIP_monthly,Detection and Attribution
atmos,true_gap,noaahi2m,noaahi2m,,day,ave,,day,mean 2m daily NOAA heat index,Heat_Indices,Health Impacts
atmos,true_gap,noaahi2mmax,noaahi2m,,day,max,,day,max 2m daily NOAA heat index,Heat_Indices,Health Impacts
atmos,true_gap,prra,prra,,mon,ave,,Amon,Rainfall Flux,FireMIP_monthly,Role of fire in the Earth system
atmos,true_gap,prrsn,prrsn,,day,ave,,Eday,Fraction of Rainfall on Snow,snow_allfreq,"Assessments for Hydrological Processes, Water Resources, and Freshwater Systems"
atmos,true_gap,prsnc,prsnc,,day,ave,,Eday,Convective Snowfall Flux,snow_allfreq,"Assessments for Hydrological Processes, Water Resources, and Freshwater Systems"
atmos,true_gap,prsnsn,prsnsn,,day,ave,,Eday,Fraction of Snowfall (Including Hail and Graupel) on Snow,snow_allfreq,"Assessments for Hydrological Processes, Water Resources, and Freshwater Systems"
atmos,true_gap,reffsclwtop,reffsclwtop,,mon,ave,,Emon,Cloud-Top Effective Droplet Radius in Stratiform Cloud,FireMIP_monthly,Role of fire in the Earth system
atmos,true_gap,rluscs,rluscs,,mon,ave,,Amon,Surface Upwelling Clear-Sky Longwave Radiation,baseline_monthly,Atmospheric dynamics and variability;Baseline Climate Variables for Earth System Modelling;Robust Risk Assessment of Tipping Points
atmos,true_gap,rtmt,rtmt,,mon,ave,,Amon,Net Downward Radiative Flux at Top of Model,DAMIP_monthly;FireMIP_monthly,Detection and Attribution;Role of fire in the Earth system
atmos,true_gap,snmsl,snmsl,,day,ave,,Eday,Water Flowing out of Snowpack,hydrology,"Assessments for Hydrological Processes, Water Resources, and Freshwater Systems"
atmos,true_gap,snrefr,snrefr,,day,ave,,Eday,Refreezing of Water in the Snow,snow_allfreq,"Assessments for Hydrological Processes, Water Resources, and Freshwater Systems"
atmos,true_gap,snwc,snwc,,day,ave,,Eday,Snow Water Equivalent Intercepted by the Vegetation,snow_allfreq,"Assessments for Hydrological Processes, Water Resources, and Freshwater Systems"
atmos,true_gap,tauunoegw,tauunoegw,,day,ave,,EdayZ,Zonal mean eastward Reynolds stress from non-orographic eastward gravity wave parameterization,dynvar_basic,Atmospheric dynamics and variability
atmos,true_gap,tauunowgw,tauunowgw,,day,ave,,EdayZ,Zonal mean eastward Reynolds stress from non-orographic westward gravity wave parameterization,dynvar_basic,Atmospheric dynamics and variability
atmos,true_gap,tauuogw,tauuogw,,day,ave,,EdayZ,Zonal mean eastward Reynolds stress from orographic gravity wave parameterization,dynvar_basic,Atmospheric dynamics and variability
atmos,true_gap,tauvnogw,tauvnogw,,day,ave,,EdayZ,Zonal mean northward Reynolds stress from non-orographic gravity wave parameterization,dynvar_basic,Atmospheric dynamics and variability
atmos,true_gap,tauvogw,tauvogw,,day,ave,,EdayZ,Zonal mean northward Reynolds stress from orographic gravity wave parameterization,dynvar_basic,Atmospheric dynamics and variability
atmos,true_gap,tdps,tdps,,day,ave,,Eday,2m Dewpoint Temperature,DCPP_Wider,Diagnosing temperature variability and extremes;Multi-annual-to-decadal predictability of the Earth System and risk assessment of climate extremes
atmos,true_gap,tdps,tdps,,mon,ave,,Emon,2m Dewpoint Temperature,DCPP_Wider,Diagnosing temperature variability and extremes;Multi-annual-to-decadal predictability of the Earth System and risk assessment of climate extremes
atmos,true_gap,tntmp,tntmp,,day,ave,,EdayZ,Zonal Mean Tendency of Air Temperature Due to Model Physics,dynvar_basic,Atmospheric dynamics and variability
atmos,true_gap,tntmp,tntmp,,mon,ave,,EmonZ,Zonal Mean Tendency of Air Temperature Due to Model Physics,dynvar_basic,Atmospheric dynamics and variability
atmos,true_gap,tntrl,tntrl,,day,ave,,EdayZ,Zonal Mean Tendency of Air Temperature Due to Longwave Radiative Heating,dynvar_basic,Atmospheric dynamics and variability
atmos,true_gap,tntrl,tntrl,,mon,ave,,EmonZ,Zonal Mean Tendency of Air Temperature Due to Longwave Radiative Heating,dynvar_basic,Atmospheric dynamics and variability
atmos,true_gap,tntrs,tntrs,,day,ave,,EdayZ,Zonal Mean Tendency of Air Temperature Due to Shortwave Radiative Heating,dynvar_basic,Atmospheric dynamics and variability
atmos,true_gap,tntrs,tntrs,,mon,ave,,EmonZ,Zonal Mean Tendency of Air Temperature Due to Shortwave Radiative Heating,dynvar_basic,Atmospheric dynamics and variability
atmos,true_gap,tntrs,tntrs,,mon,ave,,AERmon,Tendency of Air Temperature Due to Shortwave Radiative Heating,FireMIP_monthly,Role of fire in the Earth system
atmos,true_gap,utendepfd,utendepfd,,day,ave,,EdayZ,Tendency of Eastward Wind Due to Eliassen-Palm Flux Divergence,dynvar_basic,Atmospheric dynamics and variability
atmos,true_gap,utendepfd,utendepfd,,mon,ave,,EmonZ,Tendency of Eastward Wind Due to Eliassen-Palm Flux Divergence,DCPP_Wider;dynvar_basic,Atmospheric dynamics and variability;Diagnosing temperature variability and extremes;Multi-annual-to-decadal predictability of the Earth System and risk assessment of climate extremes
atmos,true_gap,utendnogw,utendnogw,,day,ave,,EdayZ,Eastward Acceleration Due to Non-Orographic Gravity Wave Drag,dynvar_basic,Atmospheric dynamics and variability
atmos,true_gap,utendnogw,utendnogw,,mon,ave,,EmonZ,Eastward Acceleration Due to Non-Orographic Gravity Wave Drag,dynvar_basic,Atmospheric dynamics and variability
atmos,true_gap,utendogw,utendogw,,day,ave,,EdayZ,Eastward Acceleration Due to Orographic Gravity Wave Drag,dynvar_basic,Atmospheric dynamics and variability
atmos,true_gap,utendogw,utendogw,,mon,ave,,EmonZ,Eastward Acceleration Due to Orographic Gravity Wave Drag,dynvar_basic,Atmospheric dynamics and variability
atmos,true_gap,utendvtem,utendvtem,,day,ave,,EdayZ,Tendency of Eastward Wind Due to TEM Northward Advection and Coriolis Term,dynvar_basic,Atmospheric dynamics and variability
atmos,true_gap,utendwtem,utendwtem,,day,ave,,EdayZ,Tendency of Eastward Wind Due to TEM Upward Advection,dynvar_basic,Atmospheric dynamics and variability
atmos,true_gap,vtem,vtem,,day,ave,,EdayZ,Transformed Eulerian Mean Northward Wind,dynvar_basic,Atmospheric dynamics and variability
atmos,true_gap,vtem,vtem,,mon,ave,,EmonZ,Transformed Eulerian Mean Northward Wind,DCPP_Wider;dynvar_basic,Atmospheric dynamics and variability;Diagnosing temperature variability and extremes;Multi-annual-to-decadal predictability of the Earth System and risk assessment of climate extremes
atmos,true_gap,wbgt2m,wbgt,,day,ave,,day,mean 2m daily wet bulb globe temperature,Heat_Indices,Health Impacts
atmos,true_gap,wbgt2mmax,wbgt,,day,max,,day,maximum 2m daily wet bulb globe temperature,Heat_Indices,Health Impacts
atmos,true_gap,wsgmax100m,wsg,,mon,max,,Emon,Maximum Wind Speed of Gust at 100m,impacts_energy_damaging_wind,Energy System Impacts
atmos,true_gap,wsgmax10m,wsg,,mon,max,,Emon,Maximum Wind Speed of Gust at 10m,impacts_energy_damaging_wind,Energy System Impacts
atmos,true_gap,wtem,wtem,,day,ave,,EdayZ,Transformed Eulerian Mean Upward Wind,dynvar_basic,Atmospheric dynamics and variability
atmos,true_gap,wtem,wtem,,mon,ave,,EmonZ,Transformed Eulerian Mean Upward Wind,DCPP_Wider;dynvar_basic,Atmospheric dynamics and variability;Diagnosing temperature variability and extremes;Multi-annual-to-decadal predictability of the Earth System and risk assessment of climate extremes
atmosChem,derivable,cfc12global,cfc12,cfc12,mon,ave,,Amon,Global Mean Mole Fraction of CFC12,dynamical_downscaling_core,Dynamical Downscaling (CORDEX)
atmosChem,true_gap,cfc113global,cfc113,,mon,ave,,Amon,Global Mean Mole Fraction of CFC113,dynamical_downscaling_core,Dynamical Downscaling (CORDEX)
atmosChem,true_gap,cfc11global,cfc11,,mon,ave,,Amon,Global Mean Mole Fraction of CFC11,dynamical_downscaling_core,Dynamical Downscaling (CORDEX)
atmosChem,true_gap,ch4,ch4,,mon,ave,,AERmon,Mole Fraction of CH4,dynamical_downscaling_core,Dynamical Downscaling (CORDEX)
atmosChem,true_gap,ch4losssoil,ch4losssoil,,mon,ave,,AERmon,loss of methane from the atmosphere due to biological consumption in the soil,land_ch4_fluxes,Benchmarking and Attributing Changes to Global Carbon and other Biogeochemical Cycles
atmosChem,true_gap,drynh3,drynh3,,day,ave,,AERday,Dry Deposition Rate of NH3,ISIMIP_deposition_variables,Bias-adjustment for impacts modeling and analysis
atmosChem,true_gap,drynh4,drynh4,,day,ave,,AERday,Dry Deposition Rate of NH4,ISIMIP_deposition_variables,Bias-adjustment for impacts modeling and analysis
atmosChem,true_gap,drynoy,drynoy,,day,ave,,AERday,Dry Deposition Rate of NOy,ISIMIP_deposition_variables,Bias-adjustment for impacts modeling and analysis
atmosChem,true_gap,drynoy,drynoy,,mon,ave,,AERmon,Dry Deposition Rate of NOy,dynamical_downscaling_ocean_air_sea_biogeochemistry_forcing,Dynamical Downscaling (CORDEX)
atmosChem,true_gap,emiach4,emiach4,,mon,ave,,AERmon,anthropogenic emission rate of CH4,land_ch4_fluxes,Benchmarking and Attributing Changes to Global Carbon and other Biogeochemical Cycles
atmosChem,true_gap,emich4,emich4,,mon,ave,,AERmon,total emission rate of CH4,land_ch4_fluxes,Benchmarking and Attributing Changes to Global Carbon and other Biogeochemical Cycles
atmosChem,true_gap,emilkch4,emilkch4,,mon,ave,,AERmon,lake emission rate of CH4,land_ch4_fluxes,Benchmarking and Attributing Changes to Global Carbon and other Biogeochemical Cycles
atmosChem,true_gap,flashrate,flashrate,,day,ave,,Eday,Lightning Flash Rate,biodiv_land_daily_advanced,Terrestrial Biodiversity
atmosChem,true_gap,flashrate,flashrate,,mon,ave,,Emon,Lightning Flash Rate,impact_energy_damaging_other,Energy System Impacts
atmosChem,true_gap,hcfc22global,hcfc22,,mon,ave,,Amon,Global Mean Mole Fraction of HCFC22,dynamical_downscaling_core,Dynamical Downscaling (CORDEX)
atmosChem,true_gap,meanage,meanage,,mon,ave,,AERmonZ,Mean Age of Stratospheric Air,dynvar_basic,Atmospheric dynamics and variability
atmosChem,true_gap,n2o,n2o,,mon,ave,,AERmon,Mole Fraction of N2O,dynamical_downscaling_aerosols_chemistry;dynamical_downscaling_core,Dynamical Downscaling (CORDEX)
atmosChem,true_gap,o3,o3,,mon,ave,,AERmon,Mole Fraction of O3,dynamical_downscaling_aerosols_chemistry;dynamical_downscaling_core,Dynamical Downscaling (CORDEX)
atmosChem,true_gap,o3ste,o3ste,,mon,ave,,AERmon,Stratospheric Ozone Tracer Volume Mixing Ratio,DAMIP_monthly,Detection and Attribution
atmosChem,true_gap,tropo3ste,tropo3ste,,mon,ave,,AERmon,Tropospheric ozone volume mixing ratio due to stratosphere-troposphere exchange (STE),DAMIP_monthly,Detection and Attribution
atmosChem,true_gap,wetnh3,wetnh3,,day,ave,,AERday,Wet Deposition Rate of NH3,ISIMIP_deposition_variables,Bias-adjustment for impacts modeling and analysis
atmosChem,true_gap,wetnh4,wetnh4,,day,ave,,AERday,Wet Deposition Rate of NH4,ISIMIP_deposition_variables,Bias-adjustment for impacts modeling and analysis
atmosChem,true_gap,wetnoy,wetnoy,,day,ave,,AERday,Wet Deposition Rate of NOy Including Aerosol Nitrate,ISIMIP_deposition_variables,Bias-adjustment for impacts modeling and analysis
atmosChem,true_gap,wetnoy,wetnoy,,mon,ave,,AERmon,Wet Deposition Rate of NOy Including Aerosol Nitrate,dynamical_downscaling_ocean_air_sea_biogeochemistry_forcing,Dynamical Downscaling (CORDEX)
land,derivable,cSoilLevels,cSoil,SOILC,mon,ave,,Emon,Carbon Mass in Each Model Soil Level (Summed over All Soil Carbon Pools in That Level),land_carbon_cycle_tier2,Benchmarking and Attributing Changes to Global Carbon and other Biogeochemical Cycles;Constructing a Global Carbon Budget
land,derivable,cVegGrass,cVeg,TOTVEGC,mon,ave,,Emon,Carbon Mass in Vegetation on Grass Tiles,land_carbon_cycle_tier2,Benchmarking and Attributing Changes to Global Carbon and other Biogeochemical Cycles;Constructing a Global Carbon Budget
land,derivable,cVegShrub,cVeg,TOTVEGC,mon,ave,,Emon,Carbon Mass in Vegetation on Shrub Tiles,land_carbon_cycle_tier2,Benchmarking and Attributing Changes to Global Carbon and other Biogeochemical Cycles;Constructing a Global Carbon Budget
land,derivable,cVegTree,cVeg,TOTVEGC,mon,ave,,Emon,Carbon Mass in Vegetation on Tree Tiles,land_carbon_cycle_tier2,Benchmarking and Attributing Changes to Global Carbon and other Biogeochemical Cycles;Constructing a Global Carbon Budget
land,derivable,gppGrass,gpp,GPP,mon,ave,,Emon,Gross Primary Production on Grass Tiles as Carbon Mass Flux [kgC m-2 s-1],land_carbon_cycle_tier2,Benchmarking and Attributing Changes to Global Carbon and other Biogeochemical Cycles;Constructing a Global Carbon Budget
land,derivable,gppShrub,gpp,GPP,mon,ave,,Emon,Gross Primary Production on Shrub Tiles as Carbon Mass Flux [kgC m-2 s-1],land_carbon_cycle_tier2,Benchmarking and Attributing Changes to Global Carbon and other Biogeochemical Cycles;Constructing a Global Carbon Budget
land,derivable,gppTree,gpp,GPP,mon,ave,,Emon,Gross Primary Production on Tree Tiles as Carbon Mass Flux [kgC m-2 s-1],land_carbon_cycle_tier2,Benchmarking and Attributing Changes to Global Carbon and other Biogeochemical Cycles;Constructing a Global Carbon Budget
land,derivable,mrso100,mrsol,"SOILLIQ, SOILICE",3hr,ave,,3hr,Soil moisture in the top 1 m of the soil column,landatm_coupling_3hr_medium,Accurate assessment of land-atmosphere coupling
land,derivable,nppGrass,npp,NPP,mon,ave,,Emon,Net Primary Production on Grass Tiles as Carbon Mass Flux [kgC m-2 s-1],land_carbon_cycle_tier2,Benchmarking and Attributing Changes to Global Carbon and other Biogeochemical Cycles;Constructing a Global Carbon Budget
land,derivable,nppShrub,npp,NPP,mon,ave,,Emon,Net Primary Production on Shrub Tiles as Carbon Mass Flux [kgC m-2 s-1],land_carbon_cycle_tier2,Benchmarking and Attributing Changes to Global Carbon and other Biogeochemical Cycles;Constructing a Global Carbon Budget
land,derivable,nppTree,npp,NPP,mon,ave,,Emon,Net Primary Production on Tree Tiles as Carbon Mass Flux [kgC m-2 s-1],land_carbon_cycle_tier2,Benchmarking and Attributing Changes to Global Carbon and other Biogeochemical Cycles;Constructing a Global Carbon Budget
land,derivable,orogSouth30,orog,topo,fx,unknown,,fx,Surface Altitude,biodiv_microclim_hourly,Terrestrial Biodiversity
land,derivable,raGrass,ra,AR,mon,ave,,Emon,Autotrophic Respiration on Grass Tiles as Carbon Mass Flux [kgC m-2 s-1],land_carbon_cycle_tier2,Benchmarking and Attributing Changes to Global Carbon and other Biogeochemical Cycles;Constructing a Global Carbon Budget
land,derivable,raShrub,ra,AR,mon,ave,,Emon,Autotrophic Respiration on Shrub Tiles as Carbon Mass Flux [kgC m-2 s-1],land_carbon_cycle_tier2,Benchmarking and Attributing Changes to Global Carbon and other Biogeochemical Cycles;Constructing a Global Carbon Budget
land,derivable,raTree,ra,AR,mon,ave,,Emon,Autotrophic Respiration on Tree Tiles as Carbon Mass Flux [kgC m-2 s-1],land_carbon_cycle_tier2,Benchmarking and Attributing Changes to Global Carbon and other Biogeochemical Cycles;Constructing a Global Carbon Budget
land,derivable,rhGrass,rh,HR,mon,ave,,Emon,Heterotrophic Respiration on Grass Tiles as Carbon Mass Flux [kgC m-2 s-1],land_carbon_cycle_tier2,Benchmarking and Attributing Changes to Global Carbon and other Biogeochemical Cycles;Constructing a Global Carbon Budget
land,derivable,rhShrub,rh,HR,mon,ave,,Emon,Heterotrophic Respiration on Shrub Tiles as Carbon Mass Flux [kgC m-2 s-1],land_carbon_cycle_tier2,Benchmarking and Attributing Changes to Global Carbon and other Biogeochemical Cycles;Constructing a Global Carbon Budget
land,derivable,rhTree,rh,HR,mon,ave,,Emon,Heterotrophic Respiration on Tree Tiles as Carbon Mass Flux [kgC m-2 s-1],land_carbon_cycle_tier2,Benchmarking and Attributing Changes to Global Carbon and other Biogeochemical Cycles;Constructing a Global Carbon Budget
land,derivable,rsdss,rsds,FSDS,mon,ave,,Emon,Surface Downwelling Shortwave Radiation over Snow,land_benchmarking_and_landcover_variables_tier1,Benchmarking and Attributing Changes to Global Carbon and other Biogeochemical Cycles
land,derivable,rsuss,rsus,"FSDS, FSNS",mon,ave,,Emon,Surface Upwelling Shortwave Radiation over Snow,land_benchmarking_and_landcover_variables_tier1,Benchmarking and Attributing Changes to Global Carbon and other Biogeochemical Cycles
land,derivable,vegHeightGrass,vegHeight,HTOP,mon,ave,,Emon,Height of Grass,land_benchmarking_and_landcover_variables_tier2,Benchmarking and Attributing Changes to Global Carbon and other Biogeochemical Cycles
land,derivable,vegHeightShrub,vegHeight,HTOP,mon,ave,,Emon,Height of Shrubs,land_benchmarking_and_landcover_variables_tier2,Benchmarking and Attributing Changes to Global Carbon and other Biogeochemical Cycles
land,derivable,vegHeightTree,vegHeight,HTOP,mon,ave,,Emon,Height of Trees,FireMIP_monthly;land_benchmarking_and_landcover_variables_tier2,Benchmarking and Attributing Changes to Global Carbon and other Biogeochemical Cycles;Role of fire in the Earth system
land,true_gap,albc,albc,,mon,ave,,Emon,Canopy Albedo,land_benchmarking_and_landcover_variables_tier1,Benchmarking and Attributing Changes to Global Carbon and other Biogeochemical Cycles
land,true_gap,cGeologicStorage,cGeologicStorage,,mon,ave,,Lmon,Carbon Mass in Geologic Storage,land_carbon_cycle_tier1,Benchmarking and Attributing Changes to Global Carbon and other Biogeochemical Cycles;Constructing a Global Carbon Budget
land,true_gap,cLeaf,cLeaf,,mon,ave,,Lmon,Carbon Mass in Leaves,FireMIP_monthly;land_carbon_cycle_tier2,Benchmarking and Attributing Changes to Global Carbon and other Biogeochemical Cycles;Constructing a Global Carbon Budget;Role of fire in the Earth system
land,true_gap,cLitterCwd,cLitterCwd,,mon,ave,,Emon,Carbon Mass in Coarse Woody Debris,land_carbon_cycle_tier2,Benchmarking and Attributing Changes to Global Carbon and other Biogeochemical Cycles;Constructing a Global Carbon Budget
land,true_gap,cLitterSubSurf,cLitterSubSurf,,mon,ave,,Emon,Carbon Mass in Below-Ground Litter,land_carbon_cycle_tier2,Benchmarking and Attributing Changes to Global Carbon and other Biogeochemical Cycles;Constructing a Global Carbon Budget
land,true_gap,cLitterSurf,cLitterSurf,,mon,ave,,Emon,Carbon Mass in Above-Ground Litter,land_carbon_cycle_tier2,Benchmarking and Attributing Changes to Global Carbon and other Biogeochemical Cycles;Constructing a Global Carbon Budget
land,true_gap,cOther,cOther,,mon,ave,,Emon,"Carbon Mass in Vegetation Components Other than Leaves, Stems and Roots",land_carbon_cycle_tier2,Benchmarking and Attributing Changes to Global Carbon and other Biogeochemical Cycles;Constructing a Global Carbon Budget
land,true_gap,cRoot,cRoot,,mon,ave,,Lmon,Carbon Mass in Roots,FireMIP_monthly;land_carbon_cycle_tier2,Benchmarking and Attributing Changes to Global Carbon and other Biogeochemical Cycles;Constructing a Global Carbon Budget;Role of fire in the Earth system
land,true_gap,cSoilPools,cSoilPools,,mon,ave,,Emon,Carbon Mass in Each Model Soil Pool (Summed over Vertical Levels),land_carbon_cycle_tier2,Benchmarking and Attributing Changes to Global Carbon and other Biogeochemical Cycles;Constructing a Global Carbon Budget
land,true_gap,cStem,cStem,,mon,ave,,Emon,Carbon Mass in Stem,FireMIP_monthly;land_carbon_cycle_tier2,Benchmarking and Attributing Changes to Global Carbon and other Biogeochemical Cycles;Constructing a Global Carbon Budget;Role of fire in the Earth system
land,true_gap,cnc,cnc,,mon,ave,,Emon,Canopy Covered Area Percentage,land_benchmarking_and_landcover_variables_tier1,Benchmarking and Attributing Changes to Global Carbon and other Biogeochemical Cycles
land,true_gap,cropFracC4,cropFracC4,,mon,ave,,Emon,Percentage Cover by C4 Crops,land_benchmarking_and_landcover_variables_tier2,Benchmarking and Attributing Changes to Global Carbon and other Biogeochemical Cycles
land,true_gap,depthl,depthl,,fx,unknown,,fx,Depth of Lake Below the Surface,hydrology,"Assessments for Hydrological Processes, Water Resources, and Freshwater Systems"
land,true_gap,dgw,dgw,,day,ave,,Eday,Change in Groundwater,hydrology,"Assessments for Hydrological Processes, Water Resources, and Freshwater Systems"
land,true_gap,drivw,drivw,,day,ave,,Eday,Change in River Storage,hydrology,"Assessments for Hydrological Processes, Water Resources, and Freshwater Systems"
land,true_gap,dsn,dsn,,day,ave,,Eday,Change in Snow Water Equivalent,snow_allfreq,"Assessments for Hydrological Processes, Water Resources, and Freshwater Systems"
land,true_gap,dsw,dsw,,day,ave,,Eday,Change in Surface Water Storage,hydrology,"Assessments for Hydrological Processes, Water Resources, and Freshwater Systems"
land,true_gap,esn,esn,,day,ave,,Eday,Snow Evaporation,snow_allfreq,"Assessments for Hydrological Processes, Water Resources, and Freshwater Systems"
land,true_gap,evspsblpot,evspsblpot,,day,ave,,Eday,Potential Evapotranspiration,AgWaterCore;AgWaterExt;WaterResources_daily;biodiv_land_daily;hydro_modelling_daily;hydro_modelling_subdaily;temperature_variability_daily_highpriority,"Agriculture and Food System Impacts;Assessments for Hydrological Processes, Water Resources, and Freshwater Systems;Diagnosing temperature variability and extremes;Terrestrial Biodiversity;Vulnerability of urban systems, infrastructure and populations;Water Security and Freshwater Ecosystem Services;Water cycle/budget assessment"
land,true_gap,evspsblpot,evspsblpot,,mon,ave,,Emon,Potential Evapotranspiration,WaterResources_monthly;biodiv_land_monthly,"Assessments for Hydrological Processes, Water Resources, and Freshwater Systems;Terrestrial Biodiversity"
land,true_gap,fAnthDisturb,fAnthDisturb,,mon,ave,,Emon,"Carbon Mass Flux from Vegetation, Litter or Soil Pools into the Atmosphere Due to any Human Activity [kgC m-2 s-1]",land_carbon_cycle_tier1,Benchmarking and Attributing Changes to Global Carbon and other Biogeochemical Cycles;Constructing a Global Carbon Budget
land,true_gap,fCLandToOcean,fCLandToOcean,,mon,ave,,Emon,Lateral Transfer of Carbon out of Grid Cell That Eventually Goes into Ocean,land_carbon_cycle_tier1,Benchmarking and Attributing Changes to Global Carbon and other Biogeochemical Cycles;Constructing a Global Carbon Budget
land,true_gap,fDeforestToAtmos,fDeforestToAtmos,,mon,ave,,Emon,Deforested Biomass That Goes into Atmosphere as a Result of Anthropogenic Land-Use Change [kgC m-2 s-1],land_carbon_cycle_tier1,Benchmarking and Attributing Changes to Global Carbon and other Biogeochemical Cycles;Constructing a Global Carbon Budget
land,true_gap,fFireAll,fFireAll,,mon,ave,,Emon,Carbon Mass Flux into Atmosphere Due to CO2 Emission from Fire Including All Sources [kgC m-2 s-1],land_carbon_cycle_tier1,Benchmarking and Attributing Changes to Global Carbon and other Biogeochemical Cycles;Constructing a Global Carbon Budget
land,true_gap,fFireNat,fFireNat,,mon,ave,,Emon,Carbon Mass Flux into Atmosphere Due to CO2 Emission from Natural Fire [kgC m-2 s-1],land_carbon_cycle_tier1,Benchmarking and Attributing Changes to Global Carbon and other Biogeochemical Cycles;Constructing a Global Carbon Budget
land,true_gap,fHarvestToAtmos,fHarvestToAtmos,,mon,ave,,Emon,Harvested Biomass That Goes Straight into Atmosphere as Carbon Mass Flux [kgC m-2 s-1],land_carbon_cycle_tier1,Benchmarking and Attributing Changes to Global Carbon and other Biogeochemical Cycles;Constructing a Global Carbon Budget
land,true_gap,fHarvestToGeologicStorage,fHarvestToGeologicStorage,,mon,ave,,Lmon,Harvested Biomass That Goes into Geological Storage,land_carbon_cycle_tier1,Benchmarking and Attributing Changes to Global Carbon and other Biogeochemical Cycles;Constructing a Global Carbon Budget
land,true_gap,fLitterFire,fLitterFire,,mon,ave,,Emon,"Carbon Mass Flux from Litter, CWD or any non-Living Pool into Atmosphere Due to CO2 Emission from All Fire [kgC m-2 s-1]",land_carbon_cycle_tier2,Benchmarking and Attributing Changes to Global Carbon and other Biogeochemical Cycles;Constructing a Global Carbon Budget
land,true_gap,fNAnthDisturb,fNAnthDisturb,,mon,ave,,Emon,Nitrogen Mass Flux out of Land Due to any Human Activity,land_nitrogen_cycle_tier1,Benchmarking and Attributing Changes to Global Carbon and other Biogeochemical Cycles
land,true_gap,fNOx,fNOx,,mon,ave,,Emon,Total Land NOx Flux,land_nitrogen_cycle_tier1,Benchmarking and Attributing Changes to Global Carbon and other Biogeochemical Cycles
land,true_gap,fNVegLitter,fNVegLitter,,mon,ave,,Emon,Total Nitrogen Mass Flux from Vegetation to Litter,land_nitrogen_cycle_tier1,Benchmarking and Attributing Changes to Global Carbon and other Biogeochemical Cycles
land,true_gap,fNVegSoil,fNVegSoil,,mon,ave,,Emon,Total Nitrogen Mass Flux from Vegetation Directly to Soil,FireMIP_monthly;land_nitrogen_cycle_tier1,Benchmarking and Attributing Changes to Global Carbon and other Biogeochemical Cycles;Role of fire in the Earth system
land,true_gap,fNfert,fNfert,,mon,ave,,Emon,Total Nitrogen Added for Cropland Fertilisation (Artificial and Manure),land_nitrogen_cycle_tier1,Benchmarking and Attributing Changes to Global Carbon and other Biogeochemical Cycles
land,true_gap,fNgas,fNgas,,mon,ave,,Emon,"Total Nitrogen Lost to the Atmosphere (Sum of NHx, NOx, N2O, N2)",FireMIP_monthly;land_nitrogen_cycle_tier2,Benchmarking and Attributing Changes to Global Carbon and other Biogeochemical Cycles;Role of fire in the Earth system
land,true_gap,fNgasFire,fNgasFire,,mon,ave,,Emon,"Total Nitrogen Lost to the Atmosphere (Including NHx, NOx, N2O, N2) from Fire",FireMIP_monthly;land_nitrogen_cycle_tier2,Benchmarking and Attributing Changes to Global Carbon and other Biogeochemical Cycles;Role of fire in the Earth system
land,true_gap,fNgasNonFire,fNgasNonFire,,mon,ave,,Emon,"Total Nitrogen Lost to the Atmosphere (Including NHx, NOx, N2O, N2) from All Processes Except Fire",land_nitrogen_cycle_tier2,Benchmarking and Attributing Changes to Global Carbon and other Biogeochemical Cycles
land,true_gap,fNloss,fNloss,,mon,ave,,Emon,"Total Nitrogen Lost (Including NHx, NOx, N2O, N2 and Leaching)",FireMIP_monthly;land_nitrogen_cycle_tier1,Benchmarking and Attributing Changes to Global Carbon and other Biogeochemical Cycles;Role of fire in the Earth system
land,true_gap,fVegFire,fVegFire,,mon,ave,,Emon,Carbon Mass Flux from Vegetation into Atmosphere Due to CO2 Emission from All Fire [kgC m-2 s-1],land_carbon_cycle_tier2,Benchmarking and Attributing Changes to Global Carbon and other Biogeochemical Cycles;Constructing a Global Carbon Budget
land,true_gap,fVegLitterMortality,fVegLitterMortality,,mon,ave,,Emon,Total Carbon Mass Flux from Vegetation to Litter as a Result of Mortality,land_carbon_cycle_tier2,Benchmarking and Attributing Changes to Global Carbon and other Biogeochemical Cycles;Constructing a Global Carbon Budget
land,true_gap,fVegLitterSenescence,fVegLitterSenescence,,mon,ave,,Emon,"Total Carbon Mass Flux from Vegetation to Litter as a Result of Leaf, Branch, and Root Senescence",land_carbon_cycle_tier2,Benchmarking and Attributing Changes to Global Carbon and other Biogeochemical Cycles;Constructing a Global Carbon Budget
land,true_gap,fVegSoil,fVegSoil,,mon,ave,,Lmon,Total Carbon Mass Flux from Vegetation Directly to Soil,land_carbon_cycle_tier1,Benchmarking and Attributing Changes to Global Carbon and other Biogeochemical Cycles;Constructing a Global Carbon Budget
land,true_gap,fVegSoilMortality,fVegSoilMortality,,mon,ave,,Emon,Total Carbon Mass Flux from Vegetation to Soil as a Result of Mortality,land_carbon_cycle_tier2,Benchmarking and Attributing Changes to Global Carbon and other Biogeochemical Cycles;Constructing a Global Carbon Budget
land,true_gap,fVegSoilSenescence,fVegSoilSenescence,,mon,ave,,Emon,"Total Carbon Mass Flux from Vegetation to Soil as a Result of Leaf, Branch, and Root Senescence",land_carbon_cycle_tier2,Benchmarking and Attributing Changes to Global Carbon and other Biogeochemical Cycles;Constructing a Global Carbon Budget
land,true_gap,fracInLut,fracInLut,,yr,ave,,Eyr,Annual Gross Percentage That Was Transferred into This Tile from Other Land-Use Tiles,landuse,Land use change
land,true_gap,fracOutLut,fracOutLut,,yr,ave,,Eyr,Annual Gross Percentage of Land-Use Tile That Was Transferred into Other Land-Use Tiles,landuse,Land use change
land,true_gap,gppVgt,gppVgt,,day,ave,,Eday,Gross Primary Production on Vegetation type as Carbon Mass Flux [kgC m-2 s-1],plant_phenology_high,Plant Phenology
land,true_gap,hfdsl,hfdsl,,3hr,ave,,3hr,Ground heat flux at 3hr,landatm_coupling_3hr_medium,Accurate assessment of land-atmosphere coupling
land,true_gap,irrDem,irrDem,,day,ave,,day,irrigation water demand,AgWaterExt,Agriculture and Food System Impacts;Water Security and Freshwater Ecosystem Services
land,true_gap,irrGw,irrGw,,day,ave,,day,irrigation water withdrawal from groundwater,AgWaterExt,Agriculture and Food System Impacts;Water Security and Freshwater Ecosystem Services
land,true_gap,irrLut,irrLut,,day,ave,,day,irrigation water withdrawal,AgWaterExt,Agriculture and Food System Impacts;Water Security and Freshwater Ecosystem Services
land,true_gap,irrLut,irrLut,,mon,ave,,Emon,"Irrigation Flux Including any Irrigation for Crops, Trees, Pasture, or Urban Lawns",landuse,Land use change
land,true_gap,irrSurf,irrSurf,,day,ave,,day,irrigation water withdrawal from surface water,AgWaterExt,Agriculture and Food System Impacts;Water Security and Freshwater Ecosystem Services
land,true_gap,laiVgt,laiVgt,,day,ave,,Eday,Leaf Area Index on Vegetation type,plant_phenology_high,Plant Phenology
land,true_gap,mrrob,mrrob,,day,ave,,Eday,Subsurface Runoff,WaterResources_daily;hydrology;impact_energy_hydropower,"Assessments for Hydrological Processes, Water Resources, and Freshwater Systems;Energy System Impacts;Vulnerability of urban systems, infrastructure and populations;Water cycle/budget assessment"
land,true_gap,mrsofc,mrsofc,,fx,unknown,,fx,Capacity of Soil to Store Water (Field Capacity),AgWaterExt;HealthFloodingDaily;baseline_fixed;hydrology,"Agriculture and Food System Impacts;Assessments for Hydrological Processes, Water Resources, and Freshwater Systems;Atmospheric dynamics and variability;Baseline Climate Variables for Earth System Modelling;Health Impacts;Robust Risk Assessment of Tipping Points;Water Security and Freshwater Ecosystem Services"
land,true_gap,mrtws,mrtws,,day,ave,,Eday,Terrestrial Water Storage,hydrology,"Assessments for Hydrological Processes, Water Resources, and Freshwater Systems"
land,true_gap,mrtws,mrtws,,mon,ave,,Emon,Terrestrial Water Storage,land_benchmarking_and_landcover_variables_tier1;land_benchmarking_and_landcover_variables_tier2,Benchmarking and Attributing Changes to Global Carbon and other Biogeochemical Cycles
land,true_gap,nLeaf,nLeaf,,mon,ave,,Emon,Nitrogen Mass in Leaves,land_nitrogen_cycle_tier2,Benchmarking and Attributing Changes to Global Carbon and other Biogeochemical Cycles
land,true_gap,nLitterCwd,nLitterCwd,,mon,ave,,Emon,Nitrogen Mass in Coarse Woody Debris,land_nitrogen_cycle_tier2,Benchmarking and Attributing Changes to Global Carbon and other Biogeochemical Cycles
land,true_gap,nLitterSubSurf,nLitterSubSurf,,mon,ave,,Emon,Nitrogen Mass in Below-Ground Litter (non CWD),land_nitrogen_cycle_tier2,Benchmarking and Attributing Changes to Global Carbon and other Biogeochemical Cycles
land,true_gap,nLitterSurf,nLitterSurf,,mon,ave,,Emon,Nitrogen Mass in Above-Ground Litter (non CWD),land_nitrogen_cycle_tier2,Benchmarking and Attributing Changes to Global Carbon and other Biogeochemical Cycles
land,true_gap,nMineralNH4,nMineralNH4,,mon,ave,,Emon,Mineral Ammonium in the Soil,land_nitrogen_cycle_tier2,Benchmarking and Attributing Changes to Global Carbon and other Biogeochemical Cycles
land,true_gap,nMineralNO3,nMineralNO3,,mon,ave,,Emon,Mineral Nitrate in the Soil,land_nitrogen_cycle_tier2,Benchmarking and Attributing Changes to Global Carbon and other Biogeochemical Cycles
land,true_gap,nOther,nOther,,mon,ave,,Emon,"Nitrogen Mass in Vegetation Components Other than Leaves, Stem and Root",land_nitrogen_cycle_tier2,Benchmarking and Attributing Changes to Global Carbon and other Biogeochemical Cycles
land,true_gap,nRoot,nRoot,,mon,ave,,Emon,Nitrogen Mass in Roots,land_nitrogen_cycle_tier2,Benchmarking and Attributing Changes to Global Carbon and other Biogeochemical Cycles
land,true_gap,nStem,nStem,,mon,ave,,Emon,Nitrogen Mass in Stem,land_nitrogen_cycle_tier2,Benchmarking and Attributing Changes to Global Carbon and other Biogeochemical Cycles
land,true_gap,nbpLut,nbpLut,,mon,ave,,Emon,Net Carbon Mass Flux into Land-Use Tile [kgC m-2 s-1],landuse,Land use change
land,true_gap,nppLeaf,nppLeaf,,mon,ave,,Lmon,Net Primary Production Allocated to Leaves as Carbon Mass Flux [kgC m-2 s-1],land_carbon_cycle_tier2,Benchmarking and Attributing Changes to Global Carbon and other Biogeochemical Cycles;Constructing a Global Carbon Budget
land,true_gap,nppOther,nppOther,,mon,ave,,Emon,Net Primary Production Allocated to Other Pools (not Leaves Stem or Roots) as Carbon Mass Flux [kgC m-2 s-1],land_carbon_cycle_tier2,Benchmarking and Attributing Changes to Global Carbon and other Biogeochemical Cycles;Constructing a Global Carbon Budget
land,true_gap,nppRoot,nppRoot,,mon,ave,,Lmon,Net Primary Production Allocated to Roots as Carbon Mass Flux [kgC m-2 s-1],land_carbon_cycle_tier2,Benchmarking and Attributing Changes to Global Carbon and other Biogeochemical Cycles;Constructing a Global Carbon Budget
land,true_gap,nppStem,nppStem,,mon,ave,,Emon,Net Primary Production Allocated to Stem as Carbon Mass Flux [kgC m-2 s-1],land_carbon_cycle_tier2,Benchmarking and Attributing Changes to Global Carbon and other Biogeochemical Cycles;Constructing a Global Carbon Budget
land,true_gap,nppVgt,nppVgt,,day,ave,,Eday,Net Primary Production on Vegetation type as Carbon Mass Flux [kgC m-2 s-1],plant_phenology_medium,Plant Phenology
land,true_gap,pastureFrac,pastureFrac,,mon,ave,,Lmon,Percentage of Land Which Is Anthropogenic Pasture,land_benchmarking_and_landcover_variables_tier1,Benchmarking and Attributing Changes to Global Carbon and other Biogeochemical Cycles
land,true_gap,pastureFracC3,pastureFracC3,,mon,ave,,Emon,C3 Pasture Area Percentage,land_benchmarking_and_landcover_variables_tier2,Benchmarking and Attributing Changes to Global Carbon and other Biogeochemical Cycles
land,true_gap,pastureFracC4,pastureFracC4,,mon,ave,,Emon,C4 Pasture Area Percentage,land_benchmarking_and_landcover_variables_tier2,Benchmarking and Attributing Changes to Global Carbon and other Biogeochemical Cycles
land,true_gap,prveg,prveg,,mon,ave,,Lmon,Precipitation onto Canopy,land_benchmarking_and_landcover_variables_tier1,Benchmarking and Attributing Changes to Global Carbon and other Biogeochemical Cycles
land,true_gap,qgwr,qgwr,,day,ave,,Eday,Groundwater Recharge from Soil Layer,hydrology,"Assessments for Hydrological Processes, Water Resources, and Freshwater Systems"
land,true_gap,raLeaf,raLeaf,,mon,ave,,Emon,Total Respiration from Leaves as Carbon Mass Flux [kgC m-2 s-1],land_carbon_cycle_tier2,Benchmarking and Attributing Changes to Global Carbon and other Biogeochemical Cycles;Constructing a Global Carbon Budget
land,true_gap,raOther,raOther,,mon,ave,,Emon,Total Respiration from Other Pools (not Leaves Stem or Roots) as Carbon Mass Flux [kgC m-2 s-1],land_carbon_cycle_tier2,Benchmarking and Attributing Changes to Global Carbon and other Biogeochemical Cycles;Constructing a Global Carbon Budget
land,true_gap,raRoot,raRoot,,mon,ave,,Emon,Total Respiration from Roots as Carbon Mass Flux [kgC m-2 s-1],land_carbon_cycle_tier2,Benchmarking and Attributing Changes to Global Carbon and other Biogeochemical Cycles;Constructing a Global Carbon Budget
land,true_gap,raStem,raStem,,mon,ave,,Emon,Total Respiration from Stem as Carbon Mass Flux [kgC m-2 s-1],land_carbon_cycle_tier2,Benchmarking and Attributing Changes to Global Carbon and other Biogeochemical Cycles;Constructing a Global Carbon Budget
land,true_gap,raVgt,raVgt,,day,ave,,Eday,Autotrophic Respiration on Vegetation type as Carbon Mass Flux [kgC m-2 s-1],plant_phenology_medium,Plant Phenology
land,true_gap,rhLitter,rhLitter,,mon,ave,,Emon,Carbon Mass Flux into Atmosphere Due to Heterotrophic Respiration from Litter on Land,land_carbon_cycle_tier2,Benchmarking and Attributing Changes to Global Carbon and other Biogeochemical Cycles;Constructing a Global Carbon Budget
land,true_gap,rhSoil,rhSoil,,mon,ave,,Emon,Carbon Mass Flux into Atmosphere Due to Heterotrophic Respiration from Soil on Land,land_carbon_cycle_tier2,Benchmarking and Attributing Changes to Global Carbon and other Biogeochemical Cycles;Constructing a Global Carbon Budget
land,true_gap,rhVgt,rhVgt,,day,ave,,Eday,Heterotrophic Respiration on Vegetation type as Carbon Mass Flux [kgC m-2 s-1],plant_phenology_medium,Plant Phenology
land,true_gap,rivo,rivo,,day,ave,,Eday,River Discharge,hydrology,"Assessments for Hydrological Processes, Water Resources, and Freshwater Systems"
land,true_gap,rootd,rootd,,fx,unknown,,fx,Maximum Root Depth,baseline_fixed,Atmospheric dynamics and variability;Baseline Climate Variables for Earth System Modelling;Robust Risk Assessment of Tipping Points
land,true_gap,rzwc,rzwc,,day,ave,,Eday,Root Zone Soil Moisture,AgWaterExt,Agriculture and Food System Impacts;Water Security and Freshwater Ecosystem Services
land,true_gap,sftlaf,sftlaf,,fx,unknown,,fx,Fraction of the Grid Cell Occupied by Lake,hydrology,"Assessments for Hydrological Processes, Water Resources, and Freshwater Systems"
land,true_gap,srfrad,srfrad,,3hr,ave,,3hr,Net radiative flux at surface,landatm_coupling_3hA,Accurate assessment of land-atmosphere coupling
land,true_gap,sw,sw,,day,ave,,Eday,Surface Water Storage,hydrology,"Assessments for Hydrological Processes, Water Resources, and Freshwater Systems"
land,true_gap,wetlandCH4,wetlandCH4,,mon,ave,,Emon,Grid Averaged Methane Emissions from Wetlands,land_benchmarking_and_landcover_variables_tier2;land_ch4_fluxes,Benchmarking and Attributing Changes to Global Carbon and other Biogeochemical Cycles
land,true_gap,wetlandCH4cons,wetlandCH4cons,,mon,ave,,Emon,Grid Averaged Methane Consumption (Methanotrophy) from Wetlands,land_benchmarking_and_landcover_variables_tier2;land_ch4_fluxes,Benchmarking and Attributing Changes to Global Carbon and other Biogeochemical Cycles
land,true_gap,wetlandCH4prod,wetlandCH4prod,,mon,ave,,Emon,Grid Averaged Methane Production (Methanogenesis) from Wetlands,land_benchmarking_and_landcover_variables_tier2;land_ch4_fluxes,Benchmarking and Attributing Changes to Global Carbon and other Biogeochemical Cycles
land,true_gap,wetlandFrac,wetlandFrac,,mon,ave,,Emon,Wetland Percentage Cover,land_benchmarking_and_landcover_variables_tier2;land_ch4_fluxes,Benchmarking and Attributing Changes to Global Carbon and other Biogeochemical Cycles
land,true_gap,wtd,wtd,,day,ave,,Eday,Water Table Depth,hydrology,"Assessments for Hydrological Processes, Water Resources, and Freshwater Systems"
landIce,true_gap,agesno,agesno,,mon,ave,,LImon,Mean Age of Snow,snow_allfreq,"Assessments for Hydrological Processes, Water Resources, and Freshwater Systems"
landIce,true_gap,lwsnl,lwsnl,,day,ave,,Eday,Liquid Water Content of Snow Layer,snow_allfreq,"Assessments for Hydrological Processes, Water Resources, and Freshwater Systems"
landIce,true_gap,lwsnl,lwsnl,,mon,ave,,LImon,Liquid Water Content of Snow Layer,snow_allfreq,"Assessments for Hydrological Processes, Water Resources, and Freshwater Systems"
landIce,true_gap,pflw,pflw,,day,ave,,Eday,Liquid Water Content of Permafrost Layer,hydrology,"Assessments for Hydrological Processes, Water Resources, and Freshwater Systems"
landIce,true_gap,pflw,pflw,,mon,ave,,LImon,Liquid Water Content of Permafrost Layer,FireMIP_monthly,Role of fire in the Earth system
landIce,true_gap,snw,snw,,day,ave,,day,Surface Snow Amount,HealthFloodingDaily;hydrology;snow_allfreq,"Assessments for Hydrological Processes, Water Resources, and Freshwater Systems;Health Impacts"
landIce,true_gap,snw,snw,,mon,ave,,LImon,Surface Snow Amount,DAMIP_monthly;baseline_monthly;land_benchmarking_and_landcover_variables_tier1;snow_allfreq,"Assessments for Hydrological Processes, Water Resources, and Freshwater Systems;Atmospheric dynamics and variability;Baseline Climate Variables for Earth System Modelling;Benchmarking and Attributing Changes to Global Carbon and other Biogeochemical Cycles;Detection and Attribution;Robust Risk Assessment of Tipping Points"
landIce,true_gap,sootsn,sootsn,,mon,ave,,LImon,Snow Soot Content,FireMIP_monthly;snow_allfreq,"Assessments for Hydrological Processes, Water Resources, and Freshwater Systems;Role of fire in the Earth system"
landIce,true_gap,tpf,tpf,,day,ave,,Eday,Permafrost Layer Thickness,hydrology,"Assessments for Hydrological Processes, Water Resources, and Freshwater Systems"
landIce,true_gap,tpf,tpf,,mon,ave,,LImon,Permafrost Layer Thickness,FireMIP_monthly,Role of fire in the Earth system
ocean,derivable,thetao200,thetao,thetao,day,ave,,Oday,Sea Water Potential Temperature at 200 meters,DCPP_Wider;biodiv_marine_daily;ocean_mesoscale;ocean_temperature_extremes,"Climate impacts on marine biodiversity and ecosystems;Diagnosing temperature variability and extremes;Multi-annual-to-decadal predictability of the Earth System and risk assessment of climate extremes;Ocean Extremes;Ocean changes, drivers and impacts"
ocean,true_gap,absscint,absscint,,mon,ave,,Omon,Integral wrt depth of seawater absolute salinity expressed as salt mass content,int_ocean_budgets,"Ocean changes, drivers and impacts"
ocean,true_gap,bigthetao,bigthetao,,dec,ave,,Odec,Sea Water Conservative Temperature,omip_scalars_high_priority,"Ocean changes, drivers and impacts"
ocean,true_gap,bigthetao,bigthetao,,mon,ave,,Omon,Sea Water Conservative Temperature,baseline_monthly;omip_scalars_high_priority,"Atmospheric dynamics and variability;Baseline Climate Variables for Earth System Modelling;Ocean changes, drivers and impacts;Robust Risk Assessment of Tipping Points"
ocean,true_gap,bigthetao200,bigthetao,,day,ave,,Oday,Sea Water Conservative Temperature at 200 meters,ocean_temperature_extremes,Ocean Extremes
ocean,true_gap,bigthetaoga,bigthetao,,mon,ave,,Omon,Global Average Sea Water Conservative Temperature,omip_scalars_high_priority,"Ocean changes, drivers and impacts"
ocean,true_gap,chcint,chcint,,mon,ave,,Omon,Depth Integrated Seawater Conservative Temperature Expressed As Heat Content,int_ocean_budgets,"Ocean changes, drivers and impacts"
ocean,true_gap,ficeberg,ficeberg,,3hr,ave,,3hr,Water Flux into Sea Water from Icebergs,ISIMIP_oceanforcing_3hr,Climate impacts on marine biodiversity and ecosystems
ocean,true_gap,ficeberg,ficeberg,,mon,ave,,Omon,Water Flux into Sea Water from Icebergs,dynamical_downscaling_ocean_core,Dynamical Downscaling (CORDEX)
ocean,true_gap,flandice,flandice,,3hr,ave,,3hr,Water Flux into Sea Water from Land Ice,ISIMIP_oceanforcing_3hr,Climate impacts on marine biodiversity and ecosystems
ocean,true_gap,hfbasinpsmadv,hfbasinpsmadv,,mon,ave,,Omon,Northward Ocean Heat Transport Due to Parameterized Submesoscale Advection,omip_transports_high_priority,"Ocean changes, drivers and impacts"
ocean,true_gap,hfrunoffds,hfrunoffds,,3hr,ave,,3hr,Temperature Flux Due to Runoff Expressed as Heat Flux into Sea Water,ISIMIP_oceanforcing_3hr,Climate impacts on marine biodiversity and ecosystems
ocean,true_gap,hfx,hfx,,mon,ave,,Omon,3D Ocean Heat X Transport,ocean_mesoscale,"Ocean changes, drivers and impacts"
ocean,true_gap,hfxint,hfx,,day,ave,,Oday,Vertically Integrated Ocean Heat X Transport,ocean_mesoscale,"Ocean changes, drivers and impacts"
ocean,true_gap,hfy,hfy,,mon,ave,,Omon,3D Ocean Heat Y Transport,ocean_mesoscale,"Ocean changes, drivers and impacts"
ocean,true_gap,hfyint,hfy,,day,ave,,Oday,Vertically Integrated Ocean Heat Y Transport,ocean_mesoscale,"Ocean changes, drivers and impacts"
ocean,true_gap,msftmrho,msftm,,mon,ave,,Omon,Ocean Meridional Overturning Mass Streamfunction,DAMIP_monthly;DCPP_Wider;ocean_meridional_overturning_streamfunctions;omip_transports_high_priority,"Detection and Attribution;Diagnosing temperature variability and extremes;Multi-annual-to-decadal predictability of the Earth System and risk assessment of climate extremes;Ocean changes, drivers and impacts"
ocean,true_gap,msftmz,msftm,,mon,ave,,Omon,Ocean Meridional Overturning Mass Streamfunction,DAMIP_monthly;DCPP_Essential;marine_bgc_baseline;ocean_meridional_overturning_streamfunctions;omip_transports_high_priority,"Changes in marine biogeochemical cycles and ecosystem processes;Climate impacts on marine biodiversity and ecosystems;Detection and Attribution;Diagnosing temperature variability and extremes;Multi-annual-to-decadal predictability of the Earth System and risk assessment of climate extremes;Ocean changes, drivers and impacts"
ocean,true_gap,msftmzmpa,msftmmpa,,mon,ave,,Omon,Ocean Meridional Overturning Mass Streamfunction Due to Parameterized Mesoscale Advection,DCPP_Wider,Diagnosing temperature variability and extremes;Multi-annual-to-decadal predictability of the Earth System and risk assessment of climate extremes
ocean,true_gap,msftyrho,msfty,,mon,ave,,Omon,Ocean Y Overturning Mass Streamfunction,ocean_meridional_overturning_streamfunctions;omip_transports_high_priority,"Ocean changes, drivers and impacts"
ocean,true_gap,pfscint,pfscint,,mon,ave,,Omon,Integral wrt depth of seawater preformed salinity expressed as salt mass content,int_ocean_budgets,"Ocean changes, drivers and impacts"
ocean,true_gap,phcint,phcint,,mon,ave,,Omon,Integrated Ocean Heat Content from Potential Temperature,int_ocean_budgets,"Ocean changes, drivers and impacts"
ocean,true_gap,pso,pso,,mon,ave,,Omon,Sea Water Pressure at Sea Water Surface,omip_scalars_high_priority,"Ocean changes, drivers and impacts"
ocean,true_gap,rsdo,rsdo,,day,ave,,Oday,Downwelling Shortwave Radiation in Sea Water,biodiv_marine_daily,Climate impacts on marine biodiversity and ecosystems
ocean,true_gap,scint,scint,,mon,ave,,Omon,Integral wrt depth of seawater practical salinity expressed as salt mass content,int_ocean_budgets,"Ocean changes, drivers and impacts"
ocean,true_gap,sfx,sfx,,mon,ave,,Omon,3D Ocean Salt Mass X Transport,ocean_mesoscale,"Ocean changes, drivers and impacts"
ocean,true_gap,sfxint,sfx,,mon,ave,,Omon,Vertically Integrated Ocean Salt Mass X Transport,ocean_mesoscale,"Ocean changes, drivers and impacts"
ocean,true_gap,sfy,sfy,,mon,ave,,Omon,3D Ocean Salt Mass Y Transport,ocean_mesoscale,"Ocean changes, drivers and impacts"
ocean,true_gap,sfyint,sfy,,mon,ave,,Omon,Vertically Integrated Ocean Salt Mass Y Transport,ocean_mesoscale,"Ocean changes, drivers and impacts"
ocean,true_gap,sltbasin,sltbasin,,mon,ave,,Omon,Northward Ocean Salt Transport,omip_transports_high_priority,"Ocean changes, drivers and impacts"
ocean,true_gap,uos,uos,,day,ave,,Oday,Daily Surface Sea Water X Velocity,biodiv_marine_daily;ocean_mesoscale,"Climate impacts on marine biodiversity and ecosystems;Ocean changes, drivers and impacts"
ocean,true_gap,vos,vos,,day,ave,,Oday,Daily Surface Sea Water Y Velocity,biodiv_marine_daily;ocean_mesoscale,"Climate impacts on marine biodiversity and ecosystems;Ocean changes, drivers and impacts"
ocean,true_gap,vsf,vsf,,mon,ave,,Omon,Virtual Salt Flux into Sea Water,DCPP_Essential,Diagnosing temperature variability and extremes;Multi-annual-to-decadal predictability of the Earth System and risk assessment of climate extremes
ocean,true_gap,zfullo,zfullo,,yr,ave,,Eyr,Depth Below Geoid of Ocean Layer,DCPP_Essential,Diagnosing temperature variability and extremes;Multi-annual-to-decadal predictability of the Earth System and risk assessment of climate extremes
ocean,true_gap,zossq,zossq,,mon,ave,,Omon,Square of Sea Surface Height Above Geoid,DCPP_Wider,Diagnosing temperature variability and extremes;Multi-annual-to-decadal predictability of the Earth System and risk assessment of climate extremes
ocnBgchem,derivable,co3200,co3,co3,day,ave,,Oday,Carbonate Ion Concentration,DCPP_Wider,Diagnosing temperature variability and extremes;Multi-annual-to-decadal predictability of the Earth System and risk assessment of climate extremes
ocnBgchem,derivable,co3os,co3,co3,day,ave,,Oday,Surface Carbonate Ion Concentration,DCPP_Wider,Diagnosing temperature variability and extremes;Multi-annual-to-decadal predictability of the Earth System and risk assessment of climate extremes
ocnBgchem,derivable,dfeos,dfe,dfe,mon,ave,,Omon,Surface Dissolved Iron Concentration,DCPP_Essential;FireMIP_monthly,Diagnosing temperature variability and extremes;Multi-annual-to-decadal predictability of the Earth System and risk assessment of climate extremes;Role of fire in the Earth system
ocnBgchem,derivable,epc1000,expc,expc,mon,ave,,Omon,Downward Flux of Particulate Organic Carbon at 1000m,marine_bgc_baseline,Changes in marine biogeochemical cycles and ecosystem processes;Climate impacts on marine biodiversity and ecosystems
ocnBgchem,derivable,epcalc1000,expcalc,expcalc,mon,ave,,Omon,Downward Flux of Calcite at 1000m,marine_bgc_baseline,Changes in marine biogeochemical cycles and ecosystem processes;Climate impacts on marine biodiversity and ecosystems
ocnBgchem,derivable,o2200,o2,o2,day,ave,,Oday,Dissolved Oxygen Concentration at 200 meters,DCPP_Wider;biodiv_marine_daily,Climate impacts on marine biodiversity and ecosystems;Diagnosing temperature variability and extremes;Multi-annual-to-decadal predictability of the Earth System and risk assessment of climate extremes
ocnBgchem,derivable,ph200,ph,ph,day,ave,,Oday,pH,DCPP_Wider;biodiv_marine_daily,Climate impacts on marine biodiversity and ecosystems;Diagnosing temperature variability and extremes;Multi-annual-to-decadal predictability of the Earth System and risk assessment of climate extremes
ocnBgchem,derivable,phyc200,phyc,"phydiat, phymisc",day,ave,,Oday,Phytoplankton Carbon Concentration,DCPP_Wider;biodiv_marine_daily,Climate impacts on marine biodiversity and ecosystems;Diagnosing temperature variability and extremes;Multi-annual-to-decadal predictability of the Earth System and risk assessment of climate extremes
ocnBgchem,derivable,phycos,phyc,"phydiat, phymisc",day,ave,,Oday,Sea Surface Phytoplankton Carbon Concentration,DCPP_Wider,Diagnosing temperature variability and extremes;Multi-annual-to-decadal predictability of the Earth System and risk assessment of climate extremes
ocnBgchem,derivable,phycos,phyc,"phydiat, phymisc",mon,ave,,Omon,Sea Surface Phytoplankton Carbon Concentration,DCPP_Wider;dynamical_downscaling_ocean_biogeochemistry_forcing,Diagnosing temperature variability and extremes;Dynamical Downscaling (CORDEX);Multi-annual-to-decadal predictability of the Earth System and risk assessment of climate extremes
ocnBgchem,derivable,phydiatos,phydiat,phydiat,day,ave,,Oday,Surface Mole Concentration of Diatoms Expressed as Carbon in Sea Water,biodiv_marine_daily,Climate impacts on marine biodiversity and ecosystems
ocnBgchem,derivable,phymiscos,phymisc,phymisc,day,ave,,Oday,Surface Mole Concentration of Miscellaneous Phytoplankton Expressed as Carbon in Sea Water,biodiv_marine_daily,Climate impacts on marine biodiversity and ecosystems
ocnBgchem,derivable,ppos,pp,pp,mon,ave,,Omon,Primary Carbon Production by Phytoplankton,DCPP_Wider,Diagnosing temperature variability and extremes;Multi-annual-to-decadal predictability of the Earth System and risk assessment of climate extremes
ocnBgchem,derivable,sios,si,si,mon,ave,,Omon,Surface Total Dissolved Inorganic Silicon Concentration,DCPP_Wider,Diagnosing temperature variability and extremes;Multi-annual-to-decadal predictability of the Earth System and risk assessment of climate extremes
ocnBgchem,true_gap,chlcalc,chlcalc,,mon,ave,,Omon,Mass Concentration of Calcareous Phytoplankton Expressed as Chlorophyll in Sea Water,ocean_carbon_cycle_tier2,Benchmarking and Attributing Changes to Global Carbon and other Biogeochemical Cycles
ocnBgchem,true_gap,chldiaz,chldiaz,,mon,ave,,Omon,Mass Concentration of Diazotrophs Expressed as Chlorophyll in Sea Water,dynamical_downscaling_ocean_biogeochemistry_forcing;ocean_carbon_cycle_tier2,Benchmarking and Attributing Changes to Global Carbon and other Biogeochemical Cycles;Dynamical Downscaling (CORDEX)
ocnBgchem,true_gap,chlpico,chlpico,,mon,ave,,Omon,Mass Concentration of Picophytoplankton Expressed as Chlorophyll in Sea Water,dynamical_downscaling_ocean_biogeochemistry_forcing;ocean_carbon_cycle_tier2,Benchmarking and Attributing Changes to Global Carbon and other Biogeochemical Cycles;Dynamical Downscaling (CORDEX)
ocnBgchem,true_gap,co3satarag200,co3satarag,,day,ave,,Oday,Mole Concentration of Carbonate Ion in Equilibrium with Pure Aragonite in Sea Water,DCPP_Wider,Diagnosing temperature variability and extremes;Multi-annual-to-decadal predictability of the Earth System and risk assessment of climate extremes
ocnBgchem,true_gap,co3sataragos,co3satarag,,day,ave,,Oday,Surface Mole Concentration of Carbonate Ion in Equilibrium with Pure Aragonite in Sea Water,DCPP_Wider,Diagnosing temperature variability and extremes;Multi-annual-to-decadal predictability of the Earth System and risk assessment of climate extremes
ocnBgchem,true_gap,dmso,dmso,,mon,ave,,Omon,Mole Concentration of Dimethyl Sulphide in Sea Water,ocean_carbon_cycle_tier2,Benchmarking and Attributing Changes to Global Carbon and other Biogeochemical Cycles
ocnBgchem,true_gap,dmsos,dmso,,mon,ave,,Omon,Surface Mole Concentration of Dimethyl Sulphide in Sea Water,marine_bgc_baseline,Changes in marine biogeochemical cycles and ecosystem processes;Climate impacts on marine biodiversity and ecosystems
ocnBgchem,true_gap,epn100,epn,,mon,ave,,Omon,Downward Flux of Particulate Nitrogen,ocean_carbon_cycle_tier2,Benchmarking and Attributing Changes to Global Carbon and other Biogeochemical Cycles
ocnBgchem,true_gap,epp100,epp,,mon,ave,,Omon,Downward Flux of Particulate Phosphorus,ocean_carbon_cycle_tier2,Benchmarking and Attributing Changes to Global Carbon and other Biogeochemical Cycles
ocnBgchem,true_gap,epsi100,epsi,,mon,ave,,Omon,Downward Flux of Particulate Silicon,DCPP_Wider,Diagnosing temperature variability and extremes;Multi-annual-to-decadal predictability of the Earth System and risk assessment of climate extremes
ocnBgchem,true_gap,expcob,expcob,,day,ave,,Oday,Sinking Flux of Particulate Organic Carbon Reaching the Ocean Bottom,biodiv_marine_daily,Climate impacts on marine biodiversity and ecosystems
ocnBgchem,true_gap,fgdms,fgdms,,mon,ave,,Omon,Surface Upward Flux of DMS,ocean_carbon_cycle_tier2,Benchmarking and Attributing Changes to Global Carbon and other Biogeochemical Cycles
ocnBgchem,true_gap,fric,fric,,mon,ave,,Omon,Downward Inorganic Carbon Flux at Ocean Bottom,marine_bgc_baseline;ocean_carbon_cycle_tier2,Benchmarking and Attributing Changes to Global Carbon and other Biogeochemical Cycles;Changes in marine biogeochemical cycles and ecosystem processes;Climate impacts on marine biodiversity and ecosystems
ocnBgchem,true_gap,froc,froc,,mon,ave,,Omon,Downward Organic Carbon Flux at Ocean Bottom,marine_bgc_baseline;ocean_carbon_cycle_tier2,Benchmarking and Attributing Changes to Global Carbon and other Biogeochemical Cycles;Changes in marine biogeochemical cycles and ecosystem processes;Climate impacts on marine biodiversity and ecosystems
ocnBgchem,true_gap,fsfe,fsfe,,mon,ave,,Omon,Surface Downward Net Flux of Iron,dynamical_downscaling_ocean_air_sea_biogeochemistry_forcing,Dynamical Downscaling (CORDEX)
ocnBgchem,true_gap,fsn,fsn,,mon,ave,,Omon,Surface Downward Net Flux of Nitrogen,dynamical_downscaling_ocean_air_sea_biogeochemistry_forcing,Dynamical Downscaling (CORDEX)
ocnBgchem,true_gap,graz,graz,,mon,ave,,Omon,Total Grazing of Phytoplankton by Zooplankton,marine_bgc_baseline;ocean_carbon_cycle_tier2,Benchmarking and Attributing Changes to Global Carbon and other Biogeochemical Cycles;Changes in marine biogeochemical cycles and ecosystem processes;Climate impacts on marine biodiversity and ecosystems
ocnBgchem,true_gap,icfriver,icfriver,,mon,ave,,Omon,Flux of Inorganic Carbon into Ocean Surface by Runoff,dynamical_downscaling_ocean_biogeochemistry_forcing;ocean_carbon_cycle_tier2,Benchmarking and Attributing Changes to Global Carbon and other Biogeochemical Cycles;Dynamical Downscaling (CORDEX)
ocnBgchem,true_gap,intpoc,intpoc,,day,ave,,Oday,Particulate Organic Carbon Content,biodiv_marine_daily,Climate impacts on marine biodiversity and ecosystems
ocnBgchem,true_gap,intppcalc,intppcalc,,mon,ave,,Omon,Net Primary Mole Productivity of Carbon by Calcareous Phytoplankton,marine_bgc_fishmip;ocean_carbon_cycle_tier2,Benchmarking and Attributing Changes to Global Carbon and other Biogeochemical Cycles;Changes in marine biogeochemical cycles and ecosystem processes;Climate impacts on marine biodiversity and ecosystems
ocnBgchem,true_gap,intppdiaz,intppdiaz,,mon,ave,,Omon,Net Primary Mole Productivity of Carbon by Diazotrophs,marine_bgc_fishmip;ocean_carbon_cycle_tier2,Benchmarking and Attributing Changes to Global Carbon and other Biogeochemical Cycles;Changes in marine biogeochemical cycles and ecosystem processes;Climate impacts on marine biodiversity and ecosystems
ocnBgchem,true_gap,intppnano,intppnano,,mon,ave,,Omon,Net Primary Organic Carbon Production by Nanophytoplankton,marine_bgc_fishmip,Changes in marine biogeochemical cycles and ecosystem processes;Climate impacts on marine biodiversity and ecosystems
ocnBgchem,true_gap,intppnitrate,intppnitrate,,mon,ave,,Omon,Primary Organic Carbon Production by Phytoplankton Based on Nitrate Uptake Alone,ocean_carbon_cycle_tier2,Benchmarking and Attributing Changes to Global Carbon and other Biogeochemical Cycles
ocnBgchem,true_gap,intpppico,intpppico,,mon,ave,,Omon,Net Primary Mole Productivity of Carbon by Picophytoplankton,marine_bgc_fishmip;ocean_carbon_cycle_tier2,Benchmarking and Attributing Changes to Global Carbon and other Biogeochemical Cycles;Changes in marine biogeochemical cycles and ecosystem processes;Climate impacts on marine biodiversity and ecosystems
ocnBgchem,true_gap,limfecalc,limfecalc,,mon,ave,,Omon,Iron Limitation of Calcareous Phytoplankton,marine_bgc_pp_uncertainty,Changes in marine biogeochemical cycles and ecosystem processes
ocnBgchem,true_gap,limfediat,limfediat,,mon,ave,,Omon,Iron Limitation of Diatoms,marine_bgc_pp_uncertainty,Changes in marine biogeochemical cycles and ecosystem processes
ocnBgchem,true_gap,limfediaz,limfediaz,,mon,ave,,Omon,Iron Limitation of Diazotrophs,marine_bgc_pp_uncertainty,Changes in marine biogeochemical cycles and ecosystem processes
ocnBgchem,true_gap,limfemisc,limfemisc,,mon,ave,,Omon,Iron Limitation of Other Phytoplankton,marine_bgc_pp_uncertainty,Changes in marine biogeochemical cycles and ecosystem processes
ocnBgchem,true_gap,limfepico,limfepico,,mon,ave,,Omon,Iron Limitation of Picophytoplankton,marine_bgc_pp_uncertainty,Changes in marine biogeochemical cycles and ecosystem processes
ocnBgchem,true_gap,limirrcalc,limirrcalc,,mon,ave,,Omon,Irradiance Limitation of Calcareous Phytoplankton,marine_bgc_pp_uncertainty,Changes in marine biogeochemical cycles and ecosystem processes
ocnBgchem,true_gap,limirrdiat,limirrdiat,,mon,ave,,Omon,Irradiance Limitation of Diatoms,marine_bgc_pp_uncertainty,Changes in marine biogeochemical cycles and ecosystem processes
ocnBgchem,true_gap,limirrdiaz,limirrdiaz,,mon,ave,,Omon,Irradiance Limitation of Diazotrophs,marine_bgc_pp_uncertainty,Changes in marine biogeochemical cycles and ecosystem processes
ocnBgchem,true_gap,limirrmisc,limirrmisc,,mon,ave,,Omon,Irradiance Limitation of Other Phytoplankton,marine_bgc_pp_uncertainty,Changes in marine biogeochemical cycles and ecosystem processes
ocnBgchem,true_gap,limirrpico,limirrpico,,mon,ave,,Omon,Irradiance Limitation of Picophytoplankton,marine_bgc_pp_uncertainty,Changes in marine biogeochemical cycles and ecosystem processes
ocnBgchem,true_gap,limncalc,limncalc,,mon,ave,,Omon,Nitrogen Limitation of Calcareous Phytoplankton,marine_bgc_pp_uncertainty,Changes in marine biogeochemical cycles and ecosystem processes
ocnBgchem,true_gap,limndiat,limndiat,,mon,ave,,Omon,Nitrogen Limitation of Diatoms,marine_bgc_pp_uncertainty,Changes in marine biogeochemical cycles and ecosystem processes
ocnBgchem,true_gap,limndiaz,limndiaz,,mon,ave,,Omon,Nitrogen Limitation of Diazotrophs,marine_bgc_pp_uncertainty,Changes in marine biogeochemical cycles and ecosystem processes
ocnBgchem,true_gap,limnmisc,limnmisc,,mon,ave,,Omon,Nitrogen Limitation of Other Phytoplankton,marine_bgc_pp_uncertainty,Changes in marine biogeochemical cycles and ecosystem processes
ocnBgchem,true_gap,limnpico,limnpico,,mon,ave,,Omon,Nitrogen Limitation of Picophytoplankton,marine_bgc_pp_uncertainty,Changes in marine biogeochemical cycles and ecosystem processes
ocnBgchem,true_gap,o2min,o2min,,day,ave,,Oday,Oxygen Minimum Concentration,biodiv_marine_daily,Climate impacts on marine biodiversity and ecosystems
ocnBgchem,true_gap,o2sat,o2sat,,mon,ave,,Omon,Dissolved Oxygen Concentration at Saturation,marine_bgc_carbon_sink,Changes in marine biogeochemical cycles and ecosystem processes
ocnBgchem,true_gap,ocfriver,ocfriver,,mon,ave,,Omon,Flux of Organic Carbon into Ocean Surface by Runoff,dynamical_downscaling_ocean_biogeochemistry_forcing,Dynamical Downscaling (CORDEX)
ocnBgchem,true_gap,phycalc,phycalc,,day,ave,,Oday,Mole Concentration of Calcareous Phytoplankton Expressed as Carbon in Sea Water,biodiv_marine_daily,Climate impacts on marine biodiversity and ecosystems
ocnBgchem,true_gap,phycalc,phycalc,,mon,ave,,Omon,Mole Concentration of Calcareous Phytoplankton Expressed as Carbon in Sea Water,dynamical_downscaling_ocean_biogeochemistry_forcing;marine_bgc_baseline;ocean_carbon_cycle_tier2,Benchmarking and Attributing Changes to Global Carbon and other Biogeochemical Cycles;Changes in marine biogeochemical cycles and ecosystem processes;Climate impacts on marine biodiversity and ecosystems;Dynamical Downscaling (CORDEX)
ocnBgchem,true_gap,phydiaz,phydiaz,,mon,ave,,Omon,Mole Concentration of Diazotrophs Expressed as Carbon in Sea Water,dynamical_downscaling_ocean_biogeochemistry_forcing,Dynamical Downscaling (CORDEX)
ocnBgchem,true_gap,phydiazos,phydiaz,,day,ave,,Oday,Surface Mole Concentration of Diazotrophs Expressed as Carbon in Sea Water,biodiv_marine_daily,Climate impacts on marine biodiversity and ecosystems
ocnBgchem,true_gap,phynano,phynano,,day,ave,,Oday,Mole Concentration of Nanophytoplankton Expressed as Carbon in Sea Water,biodiv_marine_daily,Climate impacts on marine biodiversity and ecosystems
ocnBgchem,true_gap,phypico,phypico,,day,ave,,Oday,Mole Concentration of Picophytoplankton Expressed as Carbon in Sea Water,biodiv_marine_daily,Climate impacts on marine biodiversity and ecosystems
ocnBgchem,true_gap,phypico,phypico,,mon,ave,,Omon,Mole Concentration of Picophytoplankton Expressed as Carbon in Sea Water,dynamical_downscaling_ocean_biogeochemistry_forcing;marine_bgc_baseline;ocean_carbon_cycle_tier2,Benchmarking and Attributing Changes to Global Carbon and other Biogeochemical Cycles;Changes in marine biogeochemical cycles and ecosystem processes;Climate impacts on marine biodiversity and ecosystems;Dynamical Downscaling (CORDEX)
ocnBgchem,true_gap,sialgc,sialgc,,mon,ave,,SImon,Total Ice Algal Carbon Amount in Sea Ice,marine_bgc_seaice,Changes in marine biogeochemical cycles and ecosystem processes
ocnBgchem,true_gap,sichl,sichl,,mon,ave,,SImon,Amount of Total Ice Algae Expressed as Chlorophyll in Sea Ice,marine_bgc_seaice,Changes in marine biogeochemical cycles and ecosystem processes
ocnBgchem,true_gap,sigpp,sigpp,,mon,ave,,SImon,Gross Primary Productivity in Sea Ice as Carbon Amount Flux,marine_bgc_seaice,Changes in marine biogeochemical cycles and ecosystem processes
ocnBgchem,true_gap,sino3,sino3,,mon,ave,,SImon,Dissolved Nitrate Amount in Sea Ice,marine_bgc_seaice,Changes in marine biogeochemical cycles and ecosystem processes
ocnBgchem,true_gap,sisi,sisi,,mon,ave,,SImon,Dissolved Silicon Amount in Sea Ice,marine_bgc_seaice,Changes in marine biogeochemical cycles and ecosystem processes
ocnBgchem,true_gap,zmisc,zmisc,,mon,ave,,Omon,Mole Concentration of Other Zooplankton Expressed as Carbon in Sea Water,dynamical_downscaling_ocean_biogeochemistry_forcing;marine_bgc_baseline;ocean_carbon_cycle_tier2,Benchmarking and Attributing Changes to Global Carbon and other Biogeochemical Cycles;Changes in marine biogeochemical cycles and ecosystem processes;Climate impacts on marine biodiversity and ecosystems;Dynamical Downscaling (CORDEX)
seaIce,derivable,siflsaltbot,sfdsi,fsalt_nemo,mon,ave,,SImon,Salt Flux from Sea Ice,seaice_budget_freshwater_monthly,"Sea ice changes, drivers and impacts;Water cycle/budget assessment"
seaIce,derivable,sisndmassmelt,snm,QSNOMELT,mon,ave,,SImon,Snow Mass Rate of Change Through Melt,seaice_budget_mass_monthly;snow_allfreq,"Assessments for Hydrological Processes, Water Resources, and Freshwater Systems;Sea ice changes, drivers and impacts"
seaIce,derivable,sisndmasssnf,prsn,"PRECSC,PRECSL",mon,ave,,SImon,Snow Mass Change Through Snowfall,seaice_budget_mass_monthly;snow_allfreq,"Assessments for Hydrological Processes, Water Resources, and Freshwater Systems;Sea ice changes, drivers and impacts"
seaIce,derivable,sisndmasssubl,sbl,QFLX_SUB_SNOW,mon,ave,,SImon,Snow Mass Rate of Change Through Evaporation or Sublimation,seaice_budget_mass_monthly;snow_allfreq,"Assessments for Hydrological Processes, Water Resources, and Freshwater Systems;Sea ice changes, drivers and impacts"
seaIce,derivable,sisnmassn,sisnmass,hs,mon,ave,,SImon,Snow Mass on Sea Ice North,seaice_global_monthly_basic,"Sea ice changes, drivers and impacts"
seaIce,derivable,sisnmasss,sisnmass,hs,mon,ave,,SImon,Snow Mass on Sea Ice South,seaice_global_monthly_basic,"Sea ice changes, drivers and impacts"
seaIce,derivable,sivoln,sivol,hi,mon,ave,,SImon,Sea-Ice Volume North,seaice_global_monthly_basic,"Sea ice changes, drivers and impacts"
seaIce,derivable,sivols,sivol,hi,mon,ave,,SImon,Sea-Ice Volume South,seaice_global_monthly_basic,"Sea ice changes, drivers and impacts"
seaIce,true_gap,siarean,siarea,,mon,ave,,SImon,Sea-Ice Area North,seaice_global_monthly_basic,"Sea ice changes, drivers and impacts"
seaIce,true_gap,siareas,siarea,,mon,ave,,SImon,Sea-Ice Area South,seaice_global_monthly_basic,"Sea ice changes, drivers and impacts"
seaIce,true_gap,siconca,siconca,,day,ave,,SIday,Sea-Ice Area Percentage (Atmospheric Grid),seaice_state_daily_basic,"Sea ice changes, drivers and impacts"
seaIce,true_gap,siconca,siconca,,mon,ave,,SImon,Sea-Ice Area Percentage (Atmospheric Grid),seaice_state_monthly_basic,"Ocean changes, drivers and impacts;Sea ice changes, drivers and impacts"
seaIce,true_gap,sidconcdyn,sidconcdyn,,mon,ave,,SImon,Sea-Ice Area Fraction Tendency Due to Dynamics,seaice_budget_area_monthly,"Sea ice changes, drivers and impacts"
seaIce,true_gap,sidmassgrowthsi,sidmassgrowthsi,,mon,ave,,SImon,Sea-Ice Mass Change Through Snow-to-Ice Conversion,seaice_budget_mass_monthly;snow_allfreq,"Assessments for Hydrological Processes, Water Resources, and Freshwater Systems;Sea ice changes, drivers and impacts"
seaIce,true_gap,sidmassmeltlat,sidmassmeltlat,,mon,ave,,SImon,Sea-Ice Mass Change Through Lateral Melting,seaice_budget_mass_monthly,"Sea ice changes, drivers and impacts"
seaIce,true_gap,siextentn,siextent,,mon,ave,,SImon,Sea-Ice Extent North,seaice_global_monthly_basic,"Sea ice changes, drivers and impacts"
seaIce,true_gap,siextents,siextent,,mon,ave,,SImon,Sea-Ice Extent South,seaice_global_monthly_basic,"Sea ice changes, drivers and impacts"
seaIce,true_gap,sifllattop,sifllattop,,mon,ave,,SImon,Net Latent Heat Flux over Sea Ice,DCPP_Wider;seaice_budget_energy_monthly,"Diagnosing temperature variability and extremes;Earth's Energy Budget;Multi-annual-to-decadal predictability of the Earth System and risk assessment of climate extremes;Sea ice changes, drivers and impacts"
seaIce,true_gap,siflsensbot,siflsensbot,,mon,ave,,SImon,Net Upward Sensible Heat Flux under Sea Ice,seaice_budget_energy_monthly,"Earth's Energy Budget;Sea ice changes, drivers and impacts"
seaIce,true_gap,siflswdbot,siflswdbot,,mon,ave,,SImon,Downwelling Shortwave Flux under Sea Ice,seaice_budget_energy_monthly,"Earth's Energy Budget;Sea ice changes, drivers and impacts"
seaIce,true_gap,siitdsnconc,siitdsnconc,,day,ave,,SIday,Snow Area Percentages in Ice Thickness Categories,hydrology,"Assessments for Hydrological Processes, Water Resources, and Freshwater Systems"
seaIce,true_gap,siitdsnthick,siitdsnthick,,day,ave,,SIday,Snow Thickness in Ice Thickness Categories,hydrology,"Assessments for Hydrological Processes, Water Resources, and Freshwater Systems"
seaIce,true_gap,siitdsnthick,siitdsnthick,,mon,ave,,SImon,Snow Thickness in Ice Thickness Categories,snow_allfreq,"Assessments for Hydrological Processes, Water Resources, and Freshwater Systems"
seaIce,true_gap,sisndmassdyn,sisndmassdyn,,mon,ave,,SImon,Snow Mass Rate of Change Through Advection by Sea-Ice Dynamics,seaice_budget_mass_monthly;snow_allfreq,"Assessments for Hydrological Processes, Water Resources, and Freshwater Systems;Sea ice changes, drivers and impacts"
seaIce,true_gap,sisndmasssi,sisndmasssi,,mon,ave,,SImon,Snow Mass Rate of Change Through Snow-to-Ice Conversion,seaice_budget_mass_monthly;snow_allfreq,"Assessments for Hydrological Processes, Water Resources, and Freshwater Systems;Sea ice changes, drivers and impacts"
seaIce,true_gap,sisndmasswind,sisndmasswind,,mon,ave,,SImon,Snow Mass Rate of Change Through Wind Drift of Snow,seaice_budget_mass_monthly;snow_allfreq,"Assessments for Hydrological Processes, Water Resources, and Freshwater Systems;Sea ice changes, drivers and impacts"
