component,tape,frequency,nhtfrq,mfilt,field,flag,in_master_list,cmip7_variables,note
CAM6,h0,mon,0,1,AODABS,A,,abs550aer,
CAM6,h0,mon,0,1,AODVIS,A,,od550aer,
CAM6,h0,mon,0,1,CLDICE,A,,cli,
CAM6,h0,mon,0,1,CLDLIQ,A,,clw,
CAM6,h0,mon,0,1,CLDTOT,A,,clt,
CAM6,h0,mon,0,1,CLOUD,A,,cl,
CAM6,h0,mon,0,1,FLDS,A,,rlds rlus,
CAM6,h0,mon,0,1,FLDSC,A,,rldscs,
CAM6,h0,mon,0,1,FLNS,A,,rls rlus,
CAM6,h0,mon,0,1,FLUT,A,,rlut,
CAM6,h0,mon,0,1,FLUTC,A,,rlutcs,
CAM6,h0,mon,0,1,FSDS,A,,rsds rsus,
CAM6,h0,mon,0,1,FSDSC,A,,rsdscs rsuscs,
CAM6,h0,mon,0,1,FSNS,A,,rss rsus,
CAM6,h0,mon,0,1,FSNSC,A,,rsuscs,
CAM6,h0,mon,0,1,FSNTOA,A,,rsdt,
CAM6,h0,mon,0,1,FSUTOA,A,,rsdt rsut rsutcs,
CAM6,h0,mon,0,1,LHFLX,A,,evspsbl hfls,
CAM6,h0,mon,0,1,OMEGA,A,,wap,
CAM6,h0,mon,0,1,PRECC,A,,prc,
CAM6,h0,mon,0,1,PRECSC,A,,prc prsn,
CAM6,h0,mon,0,1,PRECSL,A,,prsn,
CAM6,h0,mon,0,1,PRECT,A,,pr,
CAM6,h0,mon,0,1,PS,A,,cl cli clw hur hus pfull ps rv850 ta ta850 ua va wap zg,
CAM6,h0,mon,0,1,PSL,A,,psl,
CAM6,h0,mon,0,1,Q,A,,hus,
CAM6,h0,mon,0,1,QREFHT,A,,huss,
CAM6,h0,mon,0,1,RELHUM,A,,hur,
CAM6,h0,mon,0,1,RHREFHT,A,,hurs,
CAM6,h0,mon,0,1,SHFLX,A,,hfss,
CAM6,h0,mon,0,1,SWCF,A,,rsutcs,
CAM6,h0,mon,0,1,T,A,,hur hus rv850 ta ta850 ua va wap zg,
CAM6,h0,mon,0,1,TAUX,A,,tauu,
CAM6,h0,mon,0,1,TAUY,A,,tauv,
CAM6,h0,mon,0,1,TGCLDIWP,A,,clivi,
CAM6,h0,mon,0,1,TGCLDLWP,A,,clwvi,
CAM6,h0,mon,0,1,TMQ,A,,prw,
CAM6,h0,mon,0,1,TREFHT,A,,tas,
CAM6,h0,mon,0,1,TREFMNAV,A,,,
CAM6,h0,mon,0,1,TREFMXAV,A,,,
CAM6,h0,mon,0,1,TS,A,,ts,
CAM6,h0,mon,0,1,U,A,,rv850 ua,
CAM6,h0,mon,0,1,U10,A,,sfcWind uas vas,
CAM6,h0,mon,0,1,UBOT,A,,uas vas,
CAM6,h0,mon,0,1,V,A,,rv850 va,
CAM6,h0,mon,0,1,VBOT,A,,uas vas,
CAM6,h0,mon,0,1,WSPDSRFMX,X,,sfcWindmax,
CAM6,h0,mon,0,1,Z3,A,,zg,
CAM6,h1,day,-24,30,CLDTOT,A,,clt,
CAM6,h1,day,-24,30,CLOUD,A,,cl,
CAM6,h1,day,-24,30,FLDS,A,,rlds rlus,
CAM6,h1,day,-24,30,FLNS,A,,rls rlus,
CAM6,h1,day,-24,30,FLUT,A,,rlut,
CAM6,h1,day,-24,30,FSDS,A,,rsds rsus,
CAM6,h1,day,-24,30,FSNS,A,,rss rsus,
CAM6,h1,day,-24,30,FSNTOA,A,,rsdt,
CAM6,h1,day,-24,30,FSUTOA,A,,rsdt rsut rsutcs,
CAM6,h1,day,-24,30,LHFLX,A,,evspsbl hfls,
CAM6,h1,day,-24,30,OMEGA,A,,wap,
CAM6,h1,day,-24,30,PRECC,A,,prc,
CAM6,h1,day,-24,30,PRECSC,A,,prc prsn,
CAM6,h1,day,-24,30,PRECSL,A,,prsn,
CAM6,h1,day,-24,30,PRECT,A,,pr,
CAM6,h1,day,-24,30,PS,A,,cl cli clw hur hus pfull ps rv850 ta ta850 ua va wap zg,
CAM6,h1,day,-24,30,PSL,A,,psl,
CAM6,h1,day,-24,30,Q,A,,hus,
CAM6,h1,day,-24,30,QREFHT,A,,huss,
CAM6,h1,day,-24,30,RELHUM,A,,hur,
CAM6,h1,day,-24,30,RHREFHT,A,,hurs,
CAM6,h1,day,-24,30,RHREFHTMN,M,,hursmin,
CAM6,h1,day,-24,30,RHREFHTMX,X,,hursmax,
CAM6,h1,day,-24,30,SHFLX,A,,hfss,
CAM6,h1,day,-24,30,T,A,,hur hus rv850 ta ta850 ua va wap zg,
CAM6,h1,day,-24,30,TAUX,A,,tauu,
CAM6,h1,day,-24,30,TAUY,A,,tauv,
CAM6,h1,day,-24,30,TMQ,A,,prw,
CAM6,h1,day,-24,30,TREFHT,A,,tas,
CAM6,h1,day,-24,30,TREFHTMN,M,,tasmin,
CAM6,h1,day,-24,30,TREFHTMX,X,,tasmax,
CAM6,h1,day,-24,30,TS,A,,ts,
CAM6,h1,day,-24,30,U,A,,rv850 ua,
CAM6,h1,day,-24,30,U10,A,,sfcWind uas vas,
CAM6,h1,day,-24,30,UBOT,A,,uas vas,
CAM6,h1,day,-24,30,V,A,,rv850 va,
CAM6,h1,day,-24,30,VBOT,A,,uas vas,
CAM6,h1,day,-24,30,WSPDSRFMX,X,,sfcWindmax,
CAM6,h1,day,-24,30,Z3,A,,zg,
CAM6,h1,day,-24,30,Z500,A,,zg500,
CAM6,h2,6hr,-6,120,PRECSC,A,,prc prsn,
CAM6,h2,6hr,-6,120,PRECSL,A,,prsn,
CAM6,h2,6hr,-6,120,PRECT,A,,pr,
CAM6,h2,6hr,-6,120,PS,A,,cl cli clw hur hus pfull ps rv850 ta ta850 ua va wap zg,
CAM6,h2,6hr,-6,120,PSL,A,,psl,
CAM6,h2,6hr,-6,120,Q,I,,hus,
CAM6,h2,6hr,-6,120,RHREFHT,A,,hurs,
CAM6,h2,6hr,-6,120,T,A,,hur hus rv850 ta ta850 ua va wap zg,
CAM6,h2,6hr,-6,120,TREFHT,A,,tas,
CAM6,h2,6hr,-6,120,TS,I,,ts,
CAM6,h2,6hr,-6,120,U,A,,rv850 ua,
CAM6,h2,6hr,-6,120,U10,A,,sfcWind uas vas,
CAM6,h2,6hr,-6,120,UBOT,A,,uas vas,
CAM6,h2,6hr,-6,120,V,A,,rv850 va,
CAM6,h2,6hr,-6,120,VBOT,A,,uas vas,
CAM6,h2,6hr,-6,120,Z3,I,,zg,
CAM6,h3,6hr,-6,120,PS,I,,cl cli clw hur hus pfull ps rv850 ta ta850 ua va wap zg,
CAM6,h3,6hr,-6,120,PSL,I,,psl,
CAM6,h3,6hr,-6,120,T,I,,hur hus rv850 ta ta850 ua va wap zg,
CAM6,h3,6hr,-6,120,U,I,,rv850 ua,
CAM6,h3,6hr,-6,120,V,I,,rv850 va,
CAM6,h4,3hr,-3,240,FLDS,A,,rlds rlus,
CAM6,h4,3hr,-3,240,FLNS,A,,rls rlus,
CAM6,h4,3hr,-3,240,FSDS,A,,rsds rsus,
CAM6,h4,3hr,-3,240,FSNS,A,,rss rsus,
CAM6,h4,3hr,-3,240,LHFLX,A,,evspsbl hfls,
CAM6,h4,3hr,-3,240,PRECSC,A,,prc prsn,
CAM6,h4,3hr,-3,240,PRECSL,A,,prsn,
CAM6,h4,3hr,-3,240,PRECT,A,,pr,
CAM6,h4,3hr,-3,240,PS,I,,cl cli clw hur hus pfull ps rv850 ta ta850 ua va wap zg,
CAM6,h4,3hr,-3,240,QREFHT,I,,huss,
CAM6,h4,3hr,-3,240,RHREFHT,I,,hurs,
CAM6,h4,3hr,-3,240,SHFLX,A,,hfss,
CAM6,h4,3hr,-3,240,TREFHT,I,,tas,
CAM6,h4,3hr,-3,240,TS,I,,ts,
CAM6,h4,3hr,-3,240,U10,I,,sfcWind uas vas,
CAM6,h4,3hr,-3,240,UBOT,I,,uas vas,
CAM6,h4,3hr,-3,240,VBOT,I,,uas vas,
CAM6,h5,1hr,-1,720,CLDTOT,A,,clt,
CAM6,h5,1hr,-1,720,FLDS,A,,rlds rlus,
CAM6,h5,1hr,-1,720,FSDS,A,,rsds rsus,
CAM6,h5,1hr,-1,720,PRECT,A,,pr,
CAM6,h5,1hr,-1,720,PSL,I,,psl,
CAM6,h5,1hr,-1,720,QREFHT,I,,huss,
CAM6,h5,1hr,-1,720,TREFHT,A,,tas,
CAM6,h5,1hr,-1,720,U10,I,,sfcWind uas vas,
CAM6,h5,1hr,-1,720,UBOT,I,,uas vas,
CAM6,h5,1hr,-1,720,VBOT,I,,uas vas,
CAM6,(none),fx,,,AREA,,,areacella,time-invariant (fx): written with every history file / from the domain file
CAM6,(none),fx,,,LANDFRAC,,,sftlf,time-invariant (fx): written with every history file / from the domain file
CLM5,h0,mon,0,1,AR,A,,ra raLut,
CLM5,h0,mon,0,1,DWT_CONV_CFLUX,A,,fLulccAtmLut,
CLM5,h0,mon,0,1,DWT_PROD100C_GAIN,A,,fDeforestToProduct,
CLM5,h0,mon,0,1,DWT_PROD100N_GAIN,A,,fNProduct,
CLM5,h0,mon,0,1,DWT_PROD10C_GAIN,A,,fDeforestToProduct,
CLM5,h0,mon,0,1,DWT_PROD10N_GAIN,A,,fNProduct,
CLM5,h0,mon,0,1,EFLX_LH_TOT,A,,hflsLut,
CLM5,h0,mon,0,1,FAREA_BURNED,A,,burntFractionAll,
CLM5,h0,mon,0,1,FGR,A,,hfdsn,
CLM5,h0,mon,0,1,FSH_R,A,,hfssLut,
CLM5,h0,mon,0,1,FSH_U,A,,hfssLut,
CLM5,h0,mon,0,1,FSNO,A,,hfdsn snc,
CLM5,h0,mon,0,1,F_N2O_DENIT,A,,fN2O,
CLM5,h0,mon,0,1,F_N2O_NIT,A,,fN2O,
CLM5,h0,mon,0,1,GPP,A,,gpp gppLut,
CLM5,h0,mon,0,1,H2OSNO,A,,sweLut,
CLM5,h0,mon,0,1,HR,A,,rh rhLut,
CLM5,h0,mon,0,1,HTOP,A,,vegHeight,
CLM5,h0,mon,0,1,LAND_USE_FLUX,A,,fLuc,
CLM5,h0,mon,0,1,LITFALL,A,,fVegLitter,
CLM5,h0,mon,0,1,LITR1C_TO_SOIL1C,A,,fLitterSoil,
CLM5,h0,mon,0,1,LITR1N_TO_SOIL1N,A,,fNLitterSoil,
CLM5,h0,mon,0,1,LITR2C_TO_SOIL1C,A,,fLitterSoil,
CLM5,h0,mon,0,1,LITR2N_TO_SOIL1N,A,,fNLitterSoil,
CLM5,h0,mon,0,1,LITR3C_TO_SOIL2C,A,,fLitterSoil,
CLM5,h0,mon,0,1,LITR3N_TO_SOIL2N,A,,fNLitterSoil,
CLM5,h0,mon,0,1,NBP,A,,nbp,
CLM5,h0,mon,0,1,NDEP_TO_SMINN,A,,fNdep,
CLM5,h0,mon,0,1,NEE,A,,netAtmosLandCO2Flux,
CLM5,h0,mon,0,1,NEP,A,,nep,
CLM5,h0,mon,0,1,NET_NMIN,A,,fNnetmin,
CLM5,h0,mon,0,1,NFIX_TO_SMINN,A,,fBNF,
CLM5,h0,mon,0,1,NPP,A,,npp nppLut,
CLM5,h0,mon,0,1,PRODUCT_CLOSS,A,,fProductDecomp,
CLM5,h0,mon,0,1,QFLX_SUB_SNOW,A,,sbl,
CLM5,h0,mon,0,1,QOVER,A,,mrros,
CLM5,h0,mon,0,1,QRUNOFF,A,,mrro,
CLM5,h0,mon,0,1,QSNOMELT,A,,snm,
CLM5,h0,mon,0,1,QSOIL,A,,evspsblsoi,
CLM5,h0,mon,0,1,QVEGE,A,,evspsblveg,
CLM5,h0,mon,0,1,QVEGT,A,,tran,
CLM5,h0,mon,0,1,SMINN,A,,nMineral,
CLM5,h0,mon,0,1,SMINN_TO_PLANT,A,,fNup,
CLM5,h0,mon,0,1,SMIN_NO3_LEACHED,A,,fNleach,
CLM5,h0,mon,0,1,SMIN_NO3_RUNOFF,A,,fNLandToOcean,
CLM5,h0,mon,0,1,SNOTTOPL,A,,tsn,
CLM5,h0,mon,0,1,SNOWDP,A,,snd,
CLM5,h0,mon,0,1,SOIL1C_1m,A,,cSoilAbove1m,
CLM5,h0,mon,0,1,SOIL1N,A,,nSoil,
CLM5,h0,mon,0,1,SOIL2C_1m,A,,cSoilAbove1m,
CLM5,h0,mon,0,1,SOIL2N,A,,nSoil,
CLM5,h0,mon,0,1,SOIL3C_1m,A,,cSoilAbove1m,
CLM5,h0,mon,0,1,SOIL3N,A,,nSoil,
CLM5,h0,mon,0,1,SOILC,A,,cSoil cSoilLut,
CLM5,h0,mon,0,1,SOILICE,A,,mrfso mrsfl mrso mrsol,
CLM5,h0,mon,0,1,SOILLIQ,A,,mrsll mrso mrsol,
CLM5,h0,mon,0,1,SOILWATER_10CM,A,,mrsos mrsosLut,
CLM5,h0,mon,0,1,SOM_N_LEACHED,A,,fNleach,
CLM5,h0,mon,0,1,TG,A,,tslsi tslsiLut,
CLM5,h0,mon,0,1,TLAI,A,,lai laiLut,
CLM5,h0,mon,0,1,TOTCOLC,A,,cLand,
CLM5,h0,mon,0,1,TOTCOLN,A,,nLand,
CLM5,h0,mon,0,1,TOTFIRE,A,,fFire,
CLM5,h0,mon,0,1,TOTLITC,A,,cLitter cLitterLut,
CLM5,h0,mon,0,1,TOTLITN,A,,nLitter,
CLM5,h0,mon,0,1,TOTPRODC,A,,cProduct cProductLut,
CLM5,h0,mon,0,1,TOTPRODN,A,,nProduct,
CLM5,h0,mon,0,1,TOTVEGC,A,,cVeg cVegLut,
CLM5,h0,mon,0,1,TOTVEGN,A,,nVeg,
CLM5,h0,mon,0,1,TSA,A,,tasLut,
CLM5,h0,mon,0,1,TSOI,A,,tsl,
CLM5,h0,mon,0,1,WOOD_HARVESTC,A,,fHarvestToProduct,
CLM5,h1,day,-24,30,FGR,A,,hfdsn,
CLM5,h1,day,-24,30,FSNO,A,,hfdsn snc,
CLM5,h1,day,-24,30,QFLX_SUB_SNOW,A,,sbl,
CLM5,h1,day,-24,30,QOVER,A,,mrros,
CLM5,h1,day,-24,30,QRUNOFF,A,,mrro,
CLM5,h1,day,-24,30,QSNOMELT,A,,snm,
CLM5,h1,day,-24,30,QSOIL,A,,evspsblsoi,
CLM5,h1,day,-24,30,QVEGE,A,,evspsblveg,
CLM5,h1,day,-24,30,SNOTTOPL,A,,tsn,
CLM5,h1,day,-24,30,SNOWDP,A,,snd,
CLM5,h1,day,-24,30,SOILICE,A,,mrfso mrsfl mrso mrsol,
CLM5,h1,day,-24,30,SOILLIQ,A,,mrsll mrso mrsol,
CLM5,h1,day,-24,30,SOILWATER_10CM,A,,mrsos mrsosLut,
CLM5,h1,day,-24,30,TSOI,A,,tsl,
CLM5,h2,3hr,-3,240,QOVER,A,,mrros,
CLM5,h2,3hr,-3,240,QRUNOFF,A,,mrro,
CLM5,h2,3hr,-3,240,QSOIL,A,,evspsblsoi,
CLM5,h2,3hr,-3,240,QVEGE,A,,evspsblveg,
CLM5,h2,3hr,-3,240,QVEGT,A,,tran,
CLM5,h2,3hr,-3,240,SOILWATER_10CM,I,,mrsos mrsosLut,
CLM5,h2,3hr,-3,240,TG,I,,tslsi tslsiLut,
CLM5,h3,yr,-8760,1,SOILC,I,,cSoil cSoilLut,
CLM5,h3,yr,-8760,1,TOTLITC,I,,cLitter cLitterLut,
CLM5,h3,yr,-8760,1,TOTPRODC,I,,cProduct cProductLut,
CLM5,h3,yr,-8760,1,TOTVEGC,I,,cVeg cVegLut,
CLM5,(none),fx,,,DZSOI,,,slthick,time-invariant (fx): written with every history file / from the domain file
CLM5,(none),fx,,,cols1d_wtgcell,,,fracLut sftgif,time-invariant (fx): written with every history file / from the domain file
CLM5,(none),fx,,,topo,,,orog,time-invariant (fx): written with every history file / from the domain file
CLM5,(none),mon,,,cols1d,,,cLitterLut cProductLut cSoilLut fLulccAtmLut mrsosLut rhLut sweLut tslsiLut,"subgrid weight, not a history field - needs 1-D subgrid output (hist_dov2xy/hist_type1d_pertape), see the note at the end of the namelist"
CLM5,(none),mon,,,land1d_wtgcell,,,landCoverFrac,"subgrid weight, not a history field - needs 1-D subgrid output (hist_dov2xy/hist_type1d_pertape), see the note at the end of the namelist"
CLM5,(none),mon,,,landfrac,,,landCoverFrac,"subgrid weight, not a history field - needs 1-D subgrid output (hist_dov2xy/hist_type1d_pertape), see the note at the end of the namelist"
CLM5,(none),mon,,,pfts1d,,,cVegLut gppLut hflsLut laiLut nppLut raLut tasLut,"subgrid weight, not a history field - needs 1-D subgrid output (hist_dov2xy/hist_type1d_pertape), see the note at the end of the namelist"
CLM5,(none),mon,,,pfts1d_wtgcell,,,baresoilFrac cropFrac cropFracC3 grassFrac grassFracC3 grassFracC4 landCoverFrac residualFrac shrubFrac treeFrac treeFracBdlDcd treeFracBdlEvg treeFracNdlDcd treeFracNdlEvg vegFrac,"subgrid weight, not a history field - needs 1-D subgrid output (hist_dov2xy/hist_type1d_pertape), see the note at the end of the namelist"
CLM5,(none),mon,,,cols1d_wtgcell,,,fracLut sftgif,"subgrid weight, not a history field - needs 1-D subgrid output (hist_dov2xy/hist_type1d_pertape), see the note at the end of the namelist"
CLM5,(none),yr,,,pfts1d_wtgcell,,,baresoilFrac cropFrac cropFracC3 grassFrac grassFracC3 grassFracC4 landCoverFrac residualFrac shrubFrac treeFrac treeFracBdlDcd treeFracBdlEvg treeFracNdlDcd treeFracNdlEvg vegFrac,"subgrid weight, not a history field - needs 1-D subgrid output (hist_dov2xy/hist_type1d_pertape), see the note at the end of the namelist"
CLM5,(none),yr,,,cols1d,,,cLitterLut cProductLut cSoilLut fLulccAtmLut mrsosLut rhLut sweLut tslsiLut,"subgrid weight, not a history field - needs 1-D subgrid output (hist_dov2xy/hist_type1d_pertape), see the note at the end of the namelist"
CLM5,(none),yr,,,cols1d_wtgcell,,,fracLut sftgif,"subgrid weight, not a history field - needs 1-D subgrid output (hist_dov2xy/hist_type1d_pertape), see the note at the end of the namelist"
CLM5,(none),yr,,,pfts1d,,,cVegLut gppLut hflsLut laiLut nppLut raLut tasLut,"subgrid weight, not a history field - needs 1-D subgrid output (hist_dov2xy/hist_type1d_pertape), see the note at the end of the namelist"
