frequency,cell,n_dr,variables_dr,variables_raw,variables_unmapped_derivable,variables_unmapped_true_gap
1hr,ave,11,"clt, hursSouth30, pr, prSouth30, rlds, rldsSouth30, rsds, rsdsSouth30, sfcWindSouth30, tas, tasSouth30","CLDTOT, FLDS, FSDS, PRECT, TREFHT","hursSouth30, prSouth30, rldsSouth30, rsdsSouth30, sfcWindSouth30, tasSouth30",
1hr,inst,5,"huss, psSouth30, psl, uas, vas","PSL, QREFHT, U10, UBOT, VBOT",psSouth30,
3hr,ave,8,"hfls, hfss, pr, prsn, rlds, rlus, rsds, rsus","FLDS, FLNS, FSDS, FSNS, LHFLX, PRECSC, PRECSL, PRECT, SHFLX",,
3hr,inst,13,"bldep, hurs, hus6, huss, ps, ta6, tas, ts, ua6, uas, va6, vas, wap6","PS, QREFHT, RHREFHT, TREFHT, TS, U10, UBOT, VBOT","hus6, ta6, ua6, va6, wap6",bldep
6hr,ave,10,"hurs, pr, prsn, psl, rv850, sfcWind, tas, uas, vas, zg1000","PRECSC, PRECSL, PRECT, PS, PSL, RHREFHT, T, TREFHT, U, U10, UBOT, V, VBOT",zg1000,
6hr,inst,11,"hus, ps, psl, ta, taUTLS, ts, ua, uaUTLS, va, vaUTLS, zg","PS, PSL, Q, T, TS, U, V, Z3","taUTLS, uaUTLS, vaUTLS",
6hr,max,1,prhmax,,prhmax,
day,ave,71,"cl, cldnvi, clt, epfy, epfz, evspsbl, hfdsnb, hfls, hfss, hur, hurs, hus, huss, loadbc, loadoa, loadpoa, noaahi2m, pfull, pr, prc, prrsn, prsn, prsnc, prsnsn, prw, ps, psl, rlds, rls, rlus, rlut, rsds, rsdt, rss, rsus, rsut, sfcWind, snmsl, snrefr, snwc, ta, ta850, tas, tauu, tauunoegw, tauunowgw, tauuogw, tauv, tauvnogw, tauvogw, tdps, tntmp, tntrl, tntrs, ts, tsns, ua, uas, utendepfd, utendnogw, utendogw, utendvtem, utendwtem, va, vas, vtem, wap, wbgt2m, wtem, zg, zg500","CLDTOT, CLOUD, FLDS, FLNS, FLUT, FSDS, FSNS, FSNTOA, FSUTOA, LHFLX, OMEGA, PRECC, PRECSC, PRECSL, PRECT, PS, PSL, Q, QREFHT, RELHUM, RHREFHT, SHFLX, T, TAUX, TAUY, TMQ, TREFHT, TS, U, U10, UBOT, V, VBOT, Z3, Z500",tsns,"cldnvi, epfy, epfz, hfdsnb, loadbc, loadoa, loadpoa, noaahi2m, prrsn, prsnc, prsnsn, snmsl, snrefr, snwc, tauunoegw, tauunowgw, tauuogw, tauvnogw, tauvogw, tdps, tntmp, tntrl, tntrs, utendepfd, utendnogw, utendogw, utendvtem, utendwtem, vtem, wbgt2m, wtem"
day,max,6,"hursmax, noaahi2mmax, prhmax, sfcWindmax, tasmax, wbgt2mmax","RHREFHTMX, TREFHTMX, WSPDSRFMX",prhmax,"noaahi2mmax, wbgt2mmax"
day,min,2,"hursmin, tasmin","RHREFHTMN, TREFHTMN",,
fx,unknown,2,"areacella, sftlf","AREA, LANDFRAC",,
mon,ave,71,"aod550volso4, cl, cli, clivi, clt, cltc, clw, clwvi, co2, co23D, co2mass, co2s, epfy, epfz, evspsbl, fco2all, fco2antt, fco2fos, fco2nat, hfls, hfss, hur, hurs, hus, huss, loadso4, pr, prc, prra, prsn, prw, ps, psl, reffsclwtop, rlds, rldscs, rls, rlus, rluscs, rlut, rlutcs, rsds, rsdscs, rsdt, rss, rsus, rsuscs, rsut, rsutcs, rtmt, sfcWind, ta, tas, tauu, tauv, tdps, tntmp, tntrl, tntrs, ts, ua, uas, utendepfd, utendnogw, utendogw, va, vas, vtem, wap, wtem, zg","CLDICE, CLDLIQ, CLDTOT, CLOUD, FLDS, FLDSC, FLNS, FLUT, FLUTC, FSDS, FSDSC, FSNS, FSNSC, FSNTOA, FSUTOA, LHFLX, OMEGA, PRECC, PRECSC, PRECSL, PRECT, PS, PSL, Q, QREFHT, RELHUM, RHREFHT, SHFLX, SWCF, T, TAUX, TAUY, TGCLDIWP, TGCLDLWP, TMQ, TREFHT, TS, U, U10, UBOT, V, VBOT, Z3",,"aod550volso4, cltc, co2, co23D, co2mass, co2s, epfy, epfz, fco2all, fco2antt, fco2fos, fco2nat, loadso4, prra, reffsclwtop, rluscs, rtmt, tdps, tntmp, tntrl, tntrs, utendepfd, utendnogw, utendogw, vtem, wtem"
mon,clim,2,"co2Clim, co2massClim",,,"co2Clim, co2massClim"
mon,max,5,"prhmax, sfcWindmax, tasmax, wsgmax100m, wsgmax10m","TREFHTMX, WSPDSRFMX",prhmax,"wsgmax100m, wsgmax10m"
mon,min,1,tasmin,TREFHTMN,,
